rating,review_text,date,cleaned_text,sentiment
1,"You guys are lier and
Redbus customer service are also robbers , they don’t have manner to talk with customer's……

I booked the tickets from you guys for 4 passengers and you rob our money.They did not gave service
Bus name : GTS HOLIDAYS bus service

They are robbers

If you still have humanity please refund.😞",28-12-2024,you guys are lier and redbus customer service are also robbers they don t have manner to talk with customer s i booked the tickets from you guys for 4 passengers and you rob our money they did not gave service bus name gts holidays bus service they are robbers if you still have humanity please refund,negative
1,"Horrible service. Why the hell u guys are operating this system when u can't pass on a single information correctly??? . If buses are not running then u shouldn't take the bookings.why the hell u are taking bookings and putting passengers in trouble at last moment. Also customer service is not available? Means what ?. Please initiate refund immediately.
I would further suggest u to please upgrade your website if there's any glitch occuring.
I had a conversation with driver ,conducter as well they are directly blaming red bus team that they haven't mentioned that bus are not running today in website what we can do ? Please work upon ur management.",26-12-2024,horrible service why the hell u guys are operating this system when u can t pass on a single information correctly if buses are not running then u shouldn t take the bookings why the hell u are taking bookings and putting passengers in trouble at last moment also customer service is not available means what please initiate refund immediately i would further suggest u to please upgrade your website if there s any glitch occuring i had a conversation with driver conducter as well they are directly blaming red bus team that they haven t mentioned that bus are not running today in website what we can do please work upon ur management,negative
1,"I am highly disappointed with Redbus we have booked 2 buses in Shridi SeaBird 5PM and Sreeone 3PM. We are getting message and calls stating our tickets are cancelled.
You people are cheaters with pathetic service
Is that our mistake booking bus from Redbus
Reason for cancellation we have booked cheap prices from the cheap website redBus
First you learn how to be sensitive thinking about customer situation.
Because of your pathetic services I am boycotting redBus I no longer going to check your website
First you people start learning fundamental duties.",22-12-2024,i am highly disappointed with redbus we have booked 2 buses in shridi seabird 5pm and sreeone 3pm we are getting message and calls stating our tickets are cancelled you people are cheaters with pathetic service is that our mistake booking bus from redbus reason for cancellation we have booked cheap prices from the cheap website redbus first you learn how to be sensitive thinking about customer situation because of your pathetic services i am boycotting redbus i no longer going to check your website first you people start learning fundamental duties,negative
1,We booked a bus of Ankita travels from digha to esplanade. They gave us a ac volvo bus name ma chandi. But the service was very very bad. The driver regulated the AC to save petrol which caused suffocation in the bus resulting in health issue of small kids (a 8 month old) who were travelling with us. The helper was acting if they don't know anything. Redbus does this for entirely there comission. A bus price 250rs normal redbus fared us 420rs and this was the kind of bus and service.,22-12-2024,we booked a bus of ankita travels from digha to esplanade they gave us a ac volvo bus name ma chandi but the service was very very bad the driver regulated the ac to save petrol which caused suffocation in the bus resulting in health issue of small kids a 8 month old who were travelling with us the helper was acting if they don t know anything redbus does this for entirely there comission a bus price 250rs normal redbus fared us 420rs and this was the kind of bus and service,negative
1,Worst experience there was many cockroaches near the pillow the drivers did not respond for it not 1 or 2 cockroaches many more than 10 worst experiences,26-12-2024,worst experience there was many cockroaches near the pillow the drivers did not respond for it not 1 or 2 cockroaches many more than 10 worst experiences,negative
1,Very poor customer service. Extremely Bad experience There is No way to contact the customer service related to bill or Bus date that showing in ticket is different and in App the date is different. We cant chat on our queries. nor can we call the customer executive.,16-12-2024,very poor customer service extremely bad experience there is no way to contact the customer service related to bill or bus date that showing in ticket is different and in app the date is different we cant chat on our queries nor can we call the customer executive,negative
1,I had booked a ticket to uttarahalli (bangalore). Before boarding the bus when we enquired about the dropping point the bus staff informed that it doesn't goto uttarhalli and goes in a different route and additionally they informed that it is an issue with redbus app. Due to the error in redbus app I missed my imp meeting and I need immediate refund for the amount I paid,14-12-2024,i had booked a ticket to uttarahalli bangalore before boarding the bus when we enquired about the dropping point the bus staff informed that it doesn t goto uttarhalli and goes in a different route and additionally they informed that it is an issue with redbus app due to the error in redbus app i missed my imp meeting and i need immediate refund for the amount i paid,negative
1,"Very worst travel services
Today iam traveling to Bangalore to Trichy
Bangalore scheduled time for 10.45pm but bus start at 12.05am
Trichy scheduled time for 5.15am but u drob to 7.30
So waste of time
Waste of money
Worst travel services
Simply waste",21-12-2024,very worst travel services today iam traveling to bangalore to trichy bangalore scheduled time for 10 45pm but bus start at 12 05am trichy scheduled time for 5 15am but u drob to 7 30 so waste of time waste of money worst travel services simply waste,negative
5,"It was an excellent experience
Thankyou Red bus",27-12-2024,it was an excellent experience thankyou red bus,positive
1,"Redbus trip-reward scheme is not the actual free ticket. It is actually discounted tickets. Before you go for it , please verify and go for it. From RedBus , this type word ""free ticket"" is not good. Mention discounted ticket.",07-12-2024,redbus trip reward scheme is not the actual free ticket it is actually discounted tickets before you go for it please verify and go for it from redbus this type word free ticket is not good mention discounted ticket,negative
1,Very bad service. I booked 5 tickets in rajasthan roadways by red bus but they not provide bus details after waiting 1 hour. Their customer care is wrist. They can't give solution to customer. I have made request for full refund. But they told me that they made complain and higher authority. I will go to consumer court and in cyber crime sell for this fraud.,30-11-2024,very bad service i booked 5 tickets in rajasthan roadways by red bus but they not provide bus details after waiting 1 hour their customer care is wrist they can t give solution to customer i have made request for full refund but they told me that they made complain and higher authority i will go to consumer court and in cyber crime sell for this fraud,negative
1,"Please don't book bus from Redbus application or portal now a days the ticket confirmation not getting and you will loose the money and if rebook again then both ticket confirm at same time you will not get refund. I have opened to case but they just simple close this. I never ever going to their service again.
Ticket number :27286687",26-11-2024,please don t book bus from redbus application or portal now a days the not getting and you will loose the money and if rebook again then both at same time you will not get refund i have opened to case but they just simple close this i never ever going to their service again 27286687,negative
3,"I bought a R/T bus ticket between Medellin and Santa Fe de Antioquia. I did not realize that the company was using military time and I selected the wrong return hour. I immediately cancelled it and was told they would issue a refund. Ten days later the refund has not come. However, that is not the main issue. The problem is that this company, REDBUS.CO has been hacked by another outfit, REDBUS.COM, and they have been asking me to send them my bank information in order to issue the refund. I would never use this website again.
Other than that, the bus ride was great and the driver was very professional and very attentive.",08-11-2024,i bought a r t bus medellin and santa fe de antioquia i did not realize that the company was using military time and i selected the wrong return hour i immediately cancelled it and was told they would issue a refund ten days later the refund has not come however that is not the main issue the problem is that this company redbus co has been hacked by another outfit redbus com and they have been asking me to send them my bank information in order to issue the refund i would never use this website again other than that the bus ride was great and the driver was very professional and very attentive,neutral
1,Very poor customer service. No way to contact the customer service related to bill or some thing. We cant chat on our queries. nor can we call th e customer executive.,30-11-2024,very poor customer service no way to contact the customer service related to bill or some thing we cant chat on our queries nor can we call th e customer executive,negative
1,"The bus operators on contract with red bus are criminals and avoid travelling through Redbus in southern India especially Karnataka. Had very bad experience of pushing down the passenger by cleaner and thrashing him. It was a very horrifying incidence, an attempt to murder. Ladies please avoid. the drivers and cleaners are drunk and hardcore criminals.",19-11-2024,the bus operators on contract with red bus are criminals and avoid travelling through redbus in southern india especially karnataka had very bad experience of pushing down the passenger by cleaner and thrashing him it was a very horrifying incidence an attempt to murder ladies please avoid the drivers and cleaners are drunk and hardcore criminals,negative
1,"I booked a ticket from Mangalore to Bangalore on 17th through Redbus, which was confirmed on AG Roadline Bus with a departure time of 10:40 PM. However, the bus left without me, and more alarmingly, left a female passenger behind at the boarding point.
What's even more disturbing is that the bus staff didn't bother to call or inform us about the departure. When I raised a complaint, I was met with complete disregard and no response. The lack of accountability and customer care is appalling.

Leaving a solo female passenger late at night is unacceptable and shows a lack of responsibility. Instead they asked me to cancel the ticket at 11:30pm

Even Redbus is also not responding properly to resolve this. Its Redbus responsibility to take immediate action against AG Roadline Bus for their negligence and ensure passenger safety. Until then, I would advise others to think twice before booking with Redbus or AG Roadline Bus.",23-11-2024,i booked a ticket from mangalore to bangalore on 17th through redbus which was confirmed on ag roadline bus with a departure time of 10 40 pm however the bus left without me and more alarmingly left a female passenger behind at the boarding point what s even more disturbing is that the bus staff didn t bother to call or inform us about the departure when i raised a complaint i was met with complete disregard and no response the lack of accountability and customer care is appalling leaving a solo female passenger late at night is unacceptable and shows a lack of responsibility instead they asked me to cancel the ticket at 11 30pm even redbus is also not responding properly to resolve this its redbus responsibility to take immediate action against ag roadline bus for their negligence and ensure passenger safety until then i would advise others to think twice before booking with redbus or ag roadline bus,negative
1,"I booked 2 non-AC sleeper tickets from Mangalore to Bangalore for ₹2310. Although the bus departed on time, it broke down after just 50 km. We were told to transfer to a seater bus, which I had never traveled in before. Despite my request for a replacement sleeper bus, the operator did not provide any alternative.

The following day, I contacted customer care to request a refund, but they initially refused. After some discussion, they agreed to refund only ₹250.

Due to the uncomfortable seater bus, I couldn’t sleep properly. When I arrived in Bangalore and took my bike out, I was exhausted and unfortunately got into an accident.",14-11-2024,i booked 2 non ac sleeper tickets from mangalore to bangalore for 2310 although the bus departed on time it broke down after just 50 km we were told to transfer to a seater bus which i had never traveled in before despite my request for a replacement sleeper bus the operator did not provide any alternative the following day i contacted customer care to request a refund but they initially refused after some discussion they agreed to refund only 250 due to the uncomfortable seater bus i couldn t sleep properly when i arrived in bangalore and took my bike out i was exhausted and unfortunately got into an accident,negative
3,"Bus is ok staff is ok but the stopage for food is not worthy. Charging good amount @ not worth -mama Yadav , Jitander Choudhary hotel
Delhi -Nainital route",13-10-2024,bus is ok staff is ok but the stopage for food is not worthy charging good amount not worth mama yadav jitander choudhary hotel delhi nainital route,neutral
1,"There is no provision of mail or phone call Support.
Chat supports are the worst. Support representatives keep repeating the same thing over and over again no matter how much you details you provide.",07-11-2024,there is no provision of mail or phone call support chat supports are the worst support representatives keep repeating the same thing over and over again no matter how much you details you provide,negative
1,Journey from eluru to srikakulam through sri venkataramana travels booked through redbus. No tracking details. contact no. Not reachable. Changed my allotted bus and seat. Delayed by more than 3 hrs without any intimation. Passengers are boarding and leaving as they eish for short distances through out the night. Feels like pallevelugu. Filled the entire walkspace with passengers sitting on the ground. Worst driving. Late to destination. No redbus executive could be reached out for anything.,24-09-2024,journey from eluru to srikakulam through sri venkataramana travels booked through redbus no tracking details contact no not reachable changed my allotted bus and seat delayed by more than 3 hrs without any intimation passengers are boarding and leaving as they eish for short distances through out the night feels like pallevelugu filled the entire walkspace with passengers sitting on the ground worst driving late to destination no redbus executive could be reached out for anything,negative
1,"Journey from Gurgaon to Udayapur, bus booked thru Redbus (Giriraj tours) at 18.30 to 5.10 doj- 19th Sept was very troublesome. After having confirmed ticket, trvl co. told me to board on bus at 23.30 night, having long useless discussion, I was allowed to board on my bus, which came late at Ggn and had technical faults enroute which resulted late arrival at Udaipur ( abt 2 pm) caused my unwanted absence from duty
Very rude behaviour of staff disappointing experience of this journey. Proper check up of bus must be done before start .
Passeanger - Gauri Ambekar",20-09-2024,journey from gurgaon to udayapur bus booked thru redbus giriraj tours at 18 30 to 5 10 doj 19th sept was very troublesome after having confirmed ticket trvl co told me to board on bus at 23 30 night having long useless discussion i was allowed to board on my bus which came late at ggn and had technical faults enroute which resulted late arrival at udaipur abt 2 pm caused my unwanted absence from duty very rude behaviour of staff disappointing experience of this journey proper check up of bus must be done before start passeanger gauri ambekar,negative
1,"I booked 4 tickets 1.5 week prior to travel… One of my friend had an emergency at home so we need to cancel her booking which is 1 week prior to travel… upon contacting customer care I was told this is a group booking Individual ticket can’t be cancelled, you can only cancel ticket of whole group… No refund issued…. This is there policy which sounds strange policy by Redbus… Never ever I will use there platform now onwards",13-10-2024,i booked 4 tickets 1 5 week prior to travel one of my friend had an emergency at home so we need to cancel her booking which is 1 week prior to travel upon contacting customer care i was told this is a group booking individual ticket can t be cancelled you can only cancel ticket of whole group no refund issued this is there policy which sounds strange policy by redbus never ever i will use there platform now onwards,negative
1,"I am writing to express my profound disappointment with the bus service I received on my recent journey from Rishikesh to Delhi, booked under Delux Bus Service for 10:00 PM.

1. First boarding point was changed from Rishikesh Bus Stand to Nepali Farm without prior notice.
2. The bus was delayed by two hours.
3. The service downgraded from Delux Bus Service to Crown Travel, which was far below the promised standard.
4. The bus was in terrible condition - dirty seats and no blankets.

Despite multiple complaints to your customer care, I have not received a satisfactory response.",18-10-2024,i am writing to express my profound disappointment with the bus service i received on my recent journey from rishikesh to delhi booked under delux bus service for 10 00 pm 1 first boarding point was changed from rishikesh bus stand to nepali farm without prior notice 2 the bus was delayed by two hours 3 the service downgraded from delux bus service to crown travel which was far below the promised standard 4 the bus was in terrible condition dirty seats and no blankets despite multiple complaints to your customer care i have not received a satisfactory response,negative
1,Very worst service they don’t have coordination with Bus driver or operator of bus service . Website shows boarding point bus driver not aware happened for me on 25th Oct early morning I need to chase the bus for 20km by car to get in bus ticket 800 chasing cause me 1000,25-10-2024,very worst service they don t have coordination with bus driver or operator of bus service website shows boarding point bus driver not aware happened for me on 25th oct early morning i need to chase the bus for 20km by car to get in bus ticket 800 chasing cause me 1000,negative
1,"I bool so many times bus from redbus from 2013 bus 1st time i am travelling pune to indore from bharat banz Jogeshwari travel my set no is 3AU and i and very uncomfortable in this seat because this set have very less head room(head space) thats way i getting neck pain because i am not able to set properly , my bus have so many empty space very less passengers are travelling in this but , I request 4-5 times to bus helper and bus driver ( Dilbagh singhji) for change my set but he is behaving very rudely didn’t understand my problem he is not allow me to change the set still sets are empty. I am suffering thats why i request only . Their war and AC duct on my set 3AU thats i am ab not able to set and not comfortable getting neck pain But he is not helping me and Ac Sound is also loud thats why u can’t sleep well and staff behaviour is 0/10 very third class service.",10-12-2024,i bool so many times bus from redbus from 2013 bus 1st time i am travelling pune to indore from bharat banz jogeshwari travel my set no is 3au and i and very uncomfortable in this seat because this set have very less head room head space thats way i getting neck pain because i am not able to set properly my bus have so many empty space very less passengers are travelling in this but i request 4 5 times to bus helper and bus driver dilbagh singhji for change my set but he is behaving very rudely didn t understand my problem he is not allow me to change the set still sets are empty i am suffering thats why i request only their war and ac duct on my set 3au thats i am ab not able to set and not comfortable getting neck pain but he is not helping me and ac sound is also loud thats why u can t sleep well and staff behaviour is 0 10 very third class service,negative
1,"I have got worst experience by booking my ticket through red bus. The bus operators changed my bus by a long route without consulting me. The previous bus was also not cancelled. Upon asking red bus raised their hand . They simply said you can take refund but at 11 th hr ticket was expensive and not available at preferred time. Red bus was also not reachable over phone or helpline. They did not help to make any alternative arrangements..Hence, be careful while booking tickets through redbus. It is becoming worst.",10-10-2024,i have got worst experience by booking my red bus the bus operators changed my bus by a long route without consulting me the previous bus was also not cancelled upon asking red bus raised their hand they simply said you can take refund but at 11 th hr ticket was expensive and not available at preferred time red bus was also not reachable over phone or helpline they did not help to make any alternative arrangements hence be careful while booking tickets through redbus it is becoming worst,negative
2,"Redbus, you guys are really frustrating to deal with. How is a customer supposed to connect with you if they have a query before they book a ticket. You don't even have the decency to provide an open line where a customer can directly talk to a representative without a ticket number. This is really stupid.",24-05-2024,redbus you guys are really frustrating to deal with how is a customer supposed to connect with you if they have a query before they book a ticket you don t even have the decency to provide an open line where a customer can directly talk to a representative without a this is really stupid,negative
1,"Fraud, red bus is cheating by creating scam offers.
I have booked train tickets in redbus at seat guarantee option.When IRCTC is not sure for ticket confirmation how could these frauds give assurance seat guarantee option.I am very frustrated about this scam.
Booking in seat guarantee option these frauds give 3x refund but their is terms and conditions which you can't utilise the offer.
Loude ke balls and madhar chodos ae log paise ke liye kudh ki maa ko b bechdete Redbus management.
#useless app",24-06-2024,fraud red bus is cheating by creating scam offers i have booked train tickets in redbus at seat guarantee option when irctc is not sure for how could these frauds give assurance seat guarantee option i am very frustrated about this scam booking in seat guarantee option these frauds give 3x refund but their is terms and conditions which you can t utilise the offer loude ke balls and madhar chodos ae log paise ke liye kudh ki maa ko b bechdete redbus management useless app,negative
1,Operater not able to provide AC amenities while travel they promised refund something. But not done. We paid 2000 for ac for non ac it is worth is 1400 only on festival day. At least they can refund of 500 to 600 per ticket. But from Red bus side they said feature this will not happen they will educate operators. They are getting this is not operators created but happend unfortunately still remedy should be provided to all passengers. Should not false promises. I am discharge appointed. Red bus have agrement you can make it but they are not taking care. Just name shake. Go for other travel bookin app. Not Red bus,10-09-2024,operater not able to provide ac amenities while travel they promised refund something but not done we paid 2000 for ac for non ac it is worth is 1400 only on festival day at least they can refund of 500 to 600 per ticket but from red bus side they said feature this will not happen they will educate operators they are getting this is not operators created but happend unfortunately still remedy should be provided to all passengers should not false promises i am discharge appointed red bus have agrement you can make it but they are not taking care just name shake go for other travel bookin app not red bus,negative
1,"Worst service!!!!
I have booked 4 tickets through redbus in PVS travels ,AC sleeper coach , Pune to Mangalore- on day of boarding found bus with so much dirt , stinking like rotten rat , The bus conductor don't have any idea about seat allotment, in our seats other passanger are laying,keeping their dirty footwears in our seats ( beds) on rainy season. The bus is not even clean , previous travellers empty water bottles + empty food pakets were there .I tried to contact Redbus but as expected their service also as eaqual as PVS bus 🤧",15-07-2024,worst service i have booked 4 tickets through redbus in pvs travels ac sleeper coach pune to mangalore on day of boarding found bus with so much dirt stinking like rotten rat the bus conductor don t have any idea about seat allotment in our seats other passanger are laying keeping their dirty footwears in our seats beds on rainy season the bus is not even clean previous travellers empty water bottles empty food pakets were there i tried to contact redbus but as expected their service also as eaqual as pvs bus,negative
1,"I have for travel on 3/11/24 to shirdi from
hyd. Kamakshi travel bus changed my seats from L3/L4 to to L11/12 with out any intimation. On boarding I asked the conductor lakshmanna Chowdary about this. He very arrogantly replied get down the bus and get book your money.",05-11-2024,i have for travel on 3 11 24 to shirdi from hyd kamakshi travel bus changed my seats from l3 l4 to to l11 12 with out any intimation on boarding i asked the conductor lakshmanna chowdary about this he very arrogantly replied get down the bus and get book your money,negative
1,"Terrible Terrible Terrible!
They claim they have all your guaranteed, “reschedule, refund…”
soon as you purchase the ticket they blocked the access left you no way to make any alternatives except abandoning the trip. Not even an one star!",26-09-2024,terrible terrible terrible they claim they have all your guaranteed reschedule refund soon as you purchase the ticket they blocked the access left you no way to make any alternatives except abandoning the trip not even an one star,negative
1,"Redbus Ticket reservation Cancelation is a big fraud,
Within 5 minutes of ticket booking i try to cancel my ticket but no use....No proper service....
Worst service
I suggest Don't use online Redbus .....",02-11-2024,redbus cancelation is a big fraud within 5 minutes of i try to cancel my ticket but no use no proper service worst service i suggest don t use online redbus,negative
1,"Worst experience...me and my friend travelled from Kochi to blr on 26oct 24.This bus was 5 hours delayed, staff was rude.i.e inspite of being 4hours delayed for pickup, they couldn't give us another 5 mins extra (in spite of being 4hours late for pickup) to finish dinner even though we requested them during dinner break...they made us run with hot coffee in our hand and they kept moving the bus inspite of seeing we were running. Still we dint complain..after all this when we requested driver to stop at Hebbal for 10 secs to allow us to deboard( since bus was delayed due to ehich we arrived late night), he told us he needs additional 200 rupees...The rude drivers name is Zaheeruddin..tedbus customer care told they will send us rs 200 but it's not reached me yet...This is the worst experience I had on redbus. Please rectify this for other customers...I and my friends will heavily stop the use of orange bus going fwd. and will start using other service providers due to this experience...Driver Zaheeruddin dint pickup my call or redbus customer care call also when we tried to reach him.Coaxh no was NL01B3145",27-10-2024,worst experience me and my friend travelled from kochi to blr on 26oct 24 this bus was 5 hours delayed staff was rude i e inspite of being 4hours delayed for pickup they couldn t give us another 5 mins extra in spite of being 4hours late for pickup to finish dinner even though we requested them during dinner break they made us run with hot coffee in our hand and they kept moving the bus inspite of seeing we were running still we dint complain after all this when we requested driver to stop at hebbal for 10 secs to allow us to deboard since bus was delayed due to ehich we arrived late night he told us he needs additional 200 rupees the rude drivers name is zaheeruddin tedbus customer care told they will send us rs 200 but it s not reached me yet this is the worst experience i had on redbus please rectify this for other customers i and my friends will heavily stop the use of orange bus going fwd and will start using other service providers due to this experience driver zaheeruddin dint pickup my call or redbus customer care call also when we tried to reach him coaxh no was nl01b3145,negative
1,"Very Harsh and unfriendly Cancellation and Date change policies. Even Make mY Trip's policies seem relaxed as compared to Redbus'. Cust care is helpless and powerless, although they respond fast to say sorry and then end the chat abruptly. ADVICE - Use ABHIBUS or other apps. Redbus has grown big and is abusing its position in the market.",19-06-2024,very harsh and unfriendly cancellation and date change policies even make my trip s policies seem relaxed as compared to redbus cust care is helpless and powerless although they respond fast to say sorry and then end the chat abruptly advice use abhibus or other apps redbus has grown big and is abusing its position in the market,negative
1,Bus is late by 2 hours ..started from Rajkot at 19.30 hours instead of 17.45 hours and now bus driver is telling that he cannot drop me at my selected drop point of Lalbaug at night 2 AM ..what to do??kindly issue me the full refund ..call me if want more information..credit me my money back to my original payment mode..worst service at night 2 AM,20-10-2024,bus is late by 2 hours started from rajkot at 19 30 hours instead of 17 45 hours and now bus driver is telling that he cannot drop me at my selected drop point of lalbaug at night 2 am what to do kindly issue me the full refund call me if want more information credit me my money back to my original payment mode worst service at night 2 am,negative
1,"“I sincerely request you to remove ZingBus from your list immediately. I have never seen a more disgraceful service than what ZingBus offers. Their drivers are the most ill-mannered I have ever encountered. If someone wants to risk their life, let them, but in these buses, rapes and murders are bound to happen when the service is this terrible and the drivers are so disrespectful.""
#Zingbusfraudsters",20-08-2024,i sincerely request you to remove zingbus from your list immediately i have never seen a more disgraceful service than what zingbus offers their drivers are the most ill mannered i have ever encountered if someone wants to risk their life let them but in these buses rapes and murders are bound to happen when the service is this terrible and the drivers are so disrespectful zingbusfraudsters,negative
1,"I have booked a ticket from Hyd to Mangalore Rs.1492 it was showed ticket not confirmed due to short of time but amount debited. Again i have done ticket Rs.1422 with offer booking for Hyd to Mglr within 1 minute . But twist is Failed also confirmed ticket . Its showing Whatsapp two tickets .Even i have called up to customer care . This is loot even its a technical error my money not returned back .No response from Red Bus. One of Floor Manager Amul has spoke to me but no response of my money. He can disconnect the call. But i want result
How is it possible one Adhar person to two tickets this is APP issue also do the needful.",14-10-2024,i have booked a ticket from hyd to mangalore rs 1492 it was showed ticket not confirmed due to short of time but amount debited again i have done ticket rs 1422 with offer booking for hyd to mglr within 1 minute but twist is failed also confirmed ticket its showing whatsapp two tickets even i have called up to customer care this is loot even its a technical error my money not returned back no response from red bus one of floor manager amul has spoke to me but no response of my money he can disconnect the call but i want result how is it possible one adhar person to two tickets this is app issue also do the needful,negative
1,"Redbus is not user friendly, todat bymistake we have booked a ticket from nellore to bengalore and by mistake instead of july 12 we have used 10 july and even after requesting the travels and redbus people our request has not been answered. The redbus is fully going with their policy. Its not customer friendly as we humans may commit errors while booking. We have lost a big amount 5000 today",10-07-2024,redbus is not user friendly todat bymistake we have booked a ticket from nellore to bengalore and by mistake instead of july 12 we have used 10 july and even after requesting the travels and redbus people our request has not been answered the redbus is fully going with their policy its not customer friendly as we humans may commit errors while booking we have lost a big amount 5000 today,negative
1,"Redbus people are doing scam. They will charge you unnecessary amount for non deserving bus. I have paid 4 times amount of actual bus fare. At the counter Panwar Travel bus. They were selling TKT at INR1600-2000 for sitting and sleeper INR 1800-2400 but I have paid INR 5500 to redbus for same tkt. If I saw the bus before TKT booking. Trust me, I would have never book it from redbus. Strongly recommend to pay at counter and Not use Red bus.",29-10-2024,redbus people are doing scam they will charge you unnecessary amount for non deserving bus i have paid 4 times amount of actual bus fare at the counter panwar travel bus they were selling tkt at inr1600 2000 for sitting and sleeper inr 1800 2400 but i have paid inr 5500 to redbus for same tkt if i saw the bus before trust me i would have never book it from redbus strongly recommend to pay at counter and not use red bus,negative
1,Terrible experience.. I booked bus from Delhi to Sector 43 bus stand which was the dropping point but bus conducter dropped me 10-12Km behind my dop location and said bus will not go to 43 you please manage yourself talk to customer care. REDBUS VALE TO KUCH BHI UPDATE KR DETE HAIN WE ARE NOT RESPONSIBLE FOR THAT. There were drunk people at that stop. So I want to ask who is responsible for the safety of anyone travelling? What about the rude behavior of bus conductor?,08-07-2024,terrible experience i booked bus from delhi to sector 43 bus stand which was the dropping point but bus conducter dropped me 10 12km behind my dop location and said bus will not go to 43 you please manage yourself talk to customer care redbus vale to kuch bhi update kr dete hain we are not responsible for that there were drunk people at that stop so i want to ask who is responsible for the safety of anyone travelling what about the rude behavior of bus conductor,negative
1,Not even worth of 1 star .. it’s totally harassment and hassle services to its client .. no proper guidance and above it no acceptance .. too rude staff .. kindly train them how to handle their customers .. met with an accident but nobody was accountable neither red bus accepted our complaint,06-07-2024,not even worth of 1 star it s totally harassment and hassle services to its client no proper guidance and above it no acceptance too rude staff kindly train them how to handle their customers met with an accident but nobody was accountable neither red bus accepted our complaint,negative
1,"Hi, My self srikanth, on 17th June i had booked Thirupathi to Hyderabad train tickets in Seat Gurantee scheme,,,my tickets are cancelled by irctc. After that thy are not giving Refund. They only sending fake coupan codes which are not useful for Refund. And also they are taking extra amount on each ticket which not getting back.They are totally cheating customers on Seat Gurantee or Refund Amount 3 times sceme.",18-06-2024,hi my self srikanth on 17th june i had booked thirupathi to hyderabad train tickets in seat gurantee scheme my tickets are cancelled by irctc after that thy are not giving refund they only sending fake coupan codes which are not useful for refund and also they are taking extra amount on each not getting back they are totally cheating customers on seat gurantee or refund amount 3 times sceme,negative
1,"I travelled from Pondicherry to Tirunelveli on 14th September, Bus reaches 2hours late. In chithambaram waiting for a passenger more than 45 minutes. Didn't stop in canteen, asking the passengers to get parcel. Bus not clean.",15-09-2024,i travelled from pondicherry to tirunelveli on 14th september bus reaches 2hours late in chithambaram waiting for a passenger more than 45 minutes didn t stop in canteen asking the passengers to get parcel bus not clean,negative
1,Regarding refund of Ticket number TTCC98929507 Shimla to Delhi on dt 16/11/2024 due to non availability of Bus up to three hours as per booking through Redbus portal online.,16-11-2024,regarding refund of shimla to delhi on dt 16 11 2024 due to non availability of bus up to three hours as per booking through redbus portal online,negative
2,"✓ 2 star because they came at my boarding point late plus I had to call them so many times on different number, plus i think they should add a washroom really good facility thx🙏

✅but after that i reached at time and journey was not bad 👍🙏",04-02-2024,2 star because they came at my boarding point late plus i had to call them so many times on different number plus i think they should add a washroom really good facility thx but after that i reached at time and journey was not bad,negative
1,Bus broke down in the mid night still no alternate service now telling we arrange your refund and you make your own alternate arrangement such a pathetic service.My humble request that no one will book ticket through Red bus.worst service. ..,24-08-2024,bus broke down in the mid night still no alternate service now telling we arrange your refund and you make your own alternate arrangement such a pathetic service my humble request that no one will book red bus worst service,negative
1,"Extremely Disappointing Experience with RedBus and Shree Vijay Travels

I recently traveled from Ahmedabad to Ahmednagar using RedBus to book my tickets with Shree Vijay Travels, and I am compelled to share my extremely disappointing experience.

1. Failed Ticket Booking: I booked a bus ticket through the RedBus platform using UPI as the payment method. Although the amount was successfully debited from my account, the ticket was not confirmed, and I did not receive any booking details.


2. Return Ticket Issue: I also had a return ticket booked but did not travel for that journey. I am seeking a refund for this payment as well.



Overall, this has been the worst experience I have ever had with a travel service. I would rate this service 0 stars.

I am left frustrated and disappointed, and I have pending transactions for which I request a refund. If my concerns are not addressed, I will have to consider escalating this matter through consumer advocacy channels.

I hope this review helps others make informed decisions and prompts RedBus and Shree Vijay Travels to improve their services.",27-10-2024,extremely disappointing experience with redbus and shree vijay travels i recently traveled from ahmedabad to ahmednagar using redbus to book my tickets with shree vijay travels and i am compelled to share my extremely disappointing experience 1 failed i booked a bus the redbus platform using upi as the payment method although the amount was successfully debited from my account the ticket was not confirmed and i did not receive any booking details 2 return i also had a return but did not travel for that journey i am seeking a refund for this payment as well overall this has been the worst experience i have ever had with a travel service i would rate this service 0 stars i am left frustrated and disappointed and i have pending transactions for which i request a refund if my concerns are not addressed i will have to consider escalating this matter through consumer advocacy channels i hope this review helps others make informed decisions and prompts redbus and shree vijay travels to improve their services,negative
1,Less than 1 star. Booked with them and paid online.. Then left me stranded out in the sticks when bus cancelled on me. There were no other options but to pay a expensive taxi.. Scumbags!,18-11-2024,less than 1 star booked with them and paid online then left me stranded out in the sticks when bus cancelled on me there were no other options but to pay a expensive taxi scumbags,negative
1,"Pathetic experience. The app showed that my bus was running on time. And I was actually late by 5 hrs 😡.

Was supposed to reach Mumbai by 8.20 am.. and I am still sitting in the bus at 10 am and still 3 hrs to reach the destination. And redbua already asking me to review the trip as if they understand that I have reached. So.. they don't even know where their bus has reached",26-10-2024,pathetic experience the app showed that my bus was running on time and i was actually late by 5 hrs was supposed to reach mumbai by 8 20 am and i am still sitting in the bus at 10 am and still 3 hrs to reach the destination and redbua already asking me to review the trip as if they understand that i have reached so they don t even know where their bus has reached,negative
1,"Disappointed service with their bus specially Vijay travels .
My trips from Chandigarh to ajmer 15 June with you bus Vijay travels. there are not providing blanket water or when we ask they misbehave with me.
Pathetic services such a bad experience with them even nobody can give me a link for complaint about driver and conductor.
I am not recommended anyone for Vijay travels. Even I would like to rate zero.",15-06-2024,disappointed service with their bus specially vijay travels my trips from chandigarh to ajmer 15 june with you bus vijay travels there are not providing blanket water or when we ask they misbehave with me pathetic services such a bad experience with them even nobody can give me a link for complaint about driver and conductor i am not recommended anyone for vijay travels even i would like to rate zero,negative
1,"Pathetic service from red bus never ever book your bus from this application. I was facing so many troubles last night when I was complaining for that with customer care support they said we will give you 128rs points. Really who will pay for my time which I wasted 4hrs delay drivers not know about the dropping points.They driving a bus using Google map not using the right route they use any route .we are standing like fools on a highway mid night and customer service agent said we can’t do anything for technical issue when you guys start yours bus from boarding not check the diesel in a bus .without fill your bus fuel you start your journey and mid night passengers are suffer if anything happens there who will be responsible ?
I suggest you guys don’t go for this red bus thing.",21-08-2024,pathetic service from red bus never ever book your bus from this application i was facing so many troubles last night when i was complaining for that with customer care support they said we will give you 128rs points really who will pay for my time which i wasted 4hrs delay drivers not know about the dropping points they driving a bus using google map not using the right route they use any route we are standing like fools on a highway mid night and customer service agent said we can t do anything for technical issue when you guys start yours bus from boarding not check the diesel in a bus without fill your bus fuel you start your journey and mid night passengers are suffer if anything happens there who will be responsible i suggest you guys don t go for this red bus thing,negative
1,"This website was created to cheat the public and take money. Avoid using this website to plan any kind of transportation. Usually, they will call four or five hours in advance to boarding bus, and when we cancel we are charged cancellation costs because we are canceling less than twenty-four hours in advance. They will also claim that there is a bus delay, breakdown, or other spurious excuse.",04-05-2024,this website was created to cheat the public and take money avoid using this website to plan any kind of transportation usually they will call four or five hours in advance to boarding bus and when we cancel we are charged cancellation costs because we are canceling less than twenty four hours in advance they will also claim that there is a bus delay breakdown or other spurious excuse,negative
1,"I will give zero star red bus. On 22 may 2024 booked a bus ticket to kerala by mistake I was supposed to book it for 23rd may 2024, without wasting time i immediately called call center and told senario as there was still time for free date change before may 22nd 12 30 pm. But the customer care advised to cancel and rebook with same operator for new date and they will refund full amount.. but when I book new ticket and connected the chat support said no refund possible.",22-05-2024,i will give zero star red bus on 22 may 2024 booked a bus ticket to kerala by mistake i was supposed to book it for 23rd may 2024 without wasting time i immediately called call center and told senario as there was still time for free date change before may 22nd 12 30 pm but the customer care advised to cancel and rebook with same operator for new date and they will refund full amount but when i book new ticket and connected the chat support said no refund possible,negative
1,"Please don't believe Red bus for booking your business tickets. They deal with 3rd class bus services. They don't even know that buses are getting cancelled, Red bus call centers team is saying sorry & giving bull reason bus break down. 2 days it happened to me. Please don't believe Red bus services",27-08-2024,please don t believe red bus for booking your business tickets they deal with 3rd class bus services they don t even know that buses are getting cancelled red bus call centers team is saying sorry giving bull reason bus break down 2 days it happened to me please don t believe red bus services,negative
1,My bag was completely damaged in recent trip. When I spoke with redbus regarding my concern they are simply saying that redbus was not responsible for the damage occurred. It’s our own risk of damage .,22-09-2024,my bag was completely damaged in recent trip when i spoke with redbus regarding my concern they are simply saying that redbus was not responsible for the damage occurred it s our own risk of damage,negative
1,"How can these people be this careless and stupid!
There is a claim up to 40% on cancellation was said by transporter. Now they’re being like rude with customers
How can there no be a proper protocol call between the channel partner and the transporter? How hopeless is this red bus application",04-07-2024,how can these people be this careless and stupid there is a claim up to 40 on cancellation was said by transporter now they re being like rude with customers how can there no be a proper protocol call between the channel partner and the transporter how hopeless is this red bus application,negative
1,"Please be aware their tracking is wrong. Skip this agent, use it just as a platform to track bus, then book via the company.",04-12-2024,please be aware their tracking is wrong skip this agent use it just as a platform to track bus then book via the company,negative
1,Very Bad service . I have booked my ride from Delhi to Dewas and faced a lot of issue. Bus reached late and later on an employee texted me to give review and said its compulsory to give 5 star ratings and good review and her name is Priya Soni from Rajkalpana travels pvt Ltd. Please ask your employees to get knowledge about the way to communicate with customers.,11-06-2024,very bad service i have booked my ride from delhi to dewas and faced a lot of issue bus reached late and later on an employee texted me to give review and said its compulsory to give 5 star ratings and good review and her name is priya soni from rajkalpana travels pvt ltd please ask your employees to get knowledge about the way to communicate with customers,negative
1,"I’m traveling from Pune to Mumbai, boarding time was 4:45 AM. Initially had issues connecting with the bus driver intercity , and later found out the bus is delayed by 1.5 hours. Tried reaching @redBus_in customer care and the 24/7 women’s helpline, but no response. No alternatives provided. I need to reach Mumbai by 9 AM.

Feeling unsafe and unsupported. Early morning bookings with @redBus_in for women are not reliable. #CustomerServiceFail #TravelSafety #WomenSafety

Despite contacting @redBus_in customer care again, my issue remains unresolved, and I haven't received my booking amount back. Need urgent help.",17-06-2024,i m traveling from pune to mumbai boarding time was 4 45 am initially had issues connecting with the bus driver intercity and later found out the bus is delayed by 1 5 hours tried reaching redbus in customer care and the 24 7 women s helpline but no response no alternatives provided i need to reach mumbai by 9 am feeling unsafe and unsupported early morning bookings with redbus in for women are not reliable customerservicefail travelsafety womensafety despite contacting redbus in customer care again my issue remains unresolved and i haven t received my booking amount back need urgent help,negative
1,"MY BUS WAS CANCELLED BY THE OPERATOR AND REDBUS DOES NOT HAVE ANY INFORMATION ABOUT IT. I DO NOT HAVE MONEY FOR THE NEXT BUS AND THE REFUND WILL COME IN 72 HOURS. and the operator does not have alternative information.
If you call them, its takes ages to connect the operator. If you chat, they do not have a clue to what is happening to the booking they provide. They do have any alternative solution. you are left in a lurch to fend for yourself.",25-08-2024,my bus was cancelled by the operator and redbus does not have any information about it i do not have money for the next bus and the refund will come in 72 hours and the operator does not have alternative information if you call them its takes ages to connect the operator if you chat they do not have a clue to what is happening to the booking they provide they do have any alternative solution you are left in a lurch to fend for yourself,negative
1,"I Never book Tickets from redbus,
Because they gave us platform to book tickets but they don't provide services.. I had booking of 5 people from city land travels i got late due to trafic, i requested to driver to wait for 5 minute and ran away even they were running 6 minutes late already if they are punctual they should have reached on their scheduled timings. I have lost our money.",18-05-2024,i never book tickets from redbus because they gave us platform to book tickets but they don t provide services i had booking of 5 people from city land travels i got late due to trafic i requested to driver to wait for 5 minute and ran away even they were running 6 minutes late already if they are punctual they should have reached on their scheduled timings i have lost our money,negative
1,I had changed my plan of journey dated 12/09/2024 at 10pm from bangalore to calicut in MMK Travels. Before five hours i had called customer service and asked them to cancel my ticket. But they are saying that their cancellation git expired by today 2.30 pm. I told them that even flight tickets can be cancelled before 2 hours and they give us some amount. This Red bus they wont give any amount for the passengers. They could have cancelled mine and given to other persons who needs it. They are not going to loose anything. This is such a kind of robbery.,12-09-2024,i had changed my plan of journey dated 12 09 2024 at 10pm from bangalore to calicut in mmk travels before five hours i had called customer service and asked them to cancel my ticket but they are saying that their cancellation git expired by today 2 30 pm i told them that even flight tickets can be cancelled before 2 hours and they give us some amount this red bus they wont give any amount for the passengers they could have cancelled mine and given to other persons who needs it they are not going to loose anything this is such a kind of robbery,negative
1,"Jo b ho koi b bus book kre , don't do anything to this red bus. This is very useless when I am taking translation 8 hours in advance. He is messaging me after departure., don't let anyone book this bus, it would be better for me to go there and do it myself. What is the use of Besan if you are such a chutia who cannot give cancellation or any urgent request of anyone can come, won't you sit to Httt your sister's ass?",08-03-2024,jo b ho koi b bus book kre don t do anything to this red bus this is very useless when i am taking translation 8 hours in advance he is messaging me after departure don t let anyone book this bus it would be better for me to go there and do it myself what is the use of besan if you are such a chutia who cannot give cancellation or any urgent request of anyone can come won t you sit to httt your sister s ass,negative
1,"I have booked a bus from Hyderabad to guntur. Bus is scheduled at 11.55 p.m. I have received a message around 11 p.m., from bus operator that bus was cancelled. When I tried to contact bus operator there was no response. I tried to call redbus representative, they have advised me to book another alternative bus.",20-06-2024,i have booked a bus from hyderabad to guntur bus is scheduled at 11 55 p m i have received a message around 11 p m from bus operator that bus was cancelled when i tried to contact bus operator there was no response i tried to call redbus representative they have advised me to book another alternative bus,negative
1,Worst service don't book through red bus app..if you call to customer service they simply saying they are not maintaining buses and they are saying not responsible if operator cancel the buses or fare hikes or operator forcefully get down the customer in middle of journey.customer service guys also very rude while taking..,25-08-2024,worst service don t book through red bus app if you call to customer service they simply saying they are not maintaining buses and they are saying not responsible if operator cancel the buses or fare hikes or operator forcefully get down the customer in middle of journey customer service guys also very rude while taking,negative
1,"""Extremely disappointed with @redBus_in! Booked a bus from Delhi to Kangra at 9:15 pm from Kashmiri Gate with 3 passengers. No bus number provided, turns out it's Northern Travels. Driver not answering calls, and now at 9:56 pm, they say the bus broke down! Horrible service! #RedBusFail""",04-04-2024,extremely disappointed with redbus in booked a bus from delhi to kangra at 9 15 pm from kashmiri gate with 3 passengers no bus number provided turns out it s northern travels driver not answering calls and now at 9 56 pm they say the bus broke down horrible service redbusfail,negative
1,"Seat # L4 - Chennai to Bangalore SPS Travels
redBus Ticket - TT6R82002095, already having boarding issues, My seat is stinking.

Redbus is cheating the passengers by showing high rating for a bus like this.

**** Very rude driver.",26-05-2024,seat l4 chennai to bangalore sps travels redbus already having boarding issues my seat is stinking redbus is cheating the passengers by showing high rating for a bus like this very rude driver,negative
1,"RUBBISH COMPANY!
I have booked with redbus a couple of times but their service has become shoddy and rubbish day by day! The customer service lady called ""Hina"" is utterly unprofessional and displays characteristics of classic conmenship. I made a mistake with dates in my booking and they (Hina in particular) made me book multiple tickets for the same journey telling me that they shall refund the erroneous journey. After requesting for a refund she denied to refund the money citing the system...I can NEVER BOOK with redbus again!",18-08-2024,rubbish company i have booked with redbus a couple of times but their service has become shoddy and rubbish day by day the customer service lady called hina is utterly unprofessional and displays characteristics of classic conmenship i made a mistake with dates in my booking and they hina in particular made me book multiple tickets for the same journey telling me that they shall refund the erroneous journey after requesting for a refund she denied to refund the money citing the system i can never book with redbus again,negative
1,"I have very bad experience with redbus... Mera review live nahi kar rhe hai... Maine 2nd Sept ko ""Hans Travels"" se ticket book kiya tha or mera ""very bad experience"" raha hai... so please mera review live kare... thanks",06-09-2024,i have very bad experience with redbus mera review live nahi kar rhe hai maine 2nd sept ko hans travels se ticket book kiya tha or mera very bad experience raha hai so please mera review live kare thanks,negative
1,"Worst experience ever!!. Booked ticket for male but on departure the driver said this is for only female passengers. I don't know what's wrong with me. It's fault from redbus. Com but they never taken the customer support as wel or no refund yet.
It was a horrible experience.",02-04-2024,worst experience ever booked ticket for male but on departure the driver said this is for only female passengers i don t know what s wrong with me it s fault from redbus com but they never taken the customer support as wel or no refund yet it was a horrible experience,negative
1,"Being a potential customer, as alway I booked 4 seats from Redbus payment was debited and no tickets booked,they suggest payment will refund back to me and I have to reserve again. Which I did now it's been more then 10 days now no clue about my money also said that there was no bus booked earlier by me, no proper communication, worst customer service. At the end I lost nearly about 2.5K",07-03-2024,being a potential customer as alway i booked 4 seats from redbus payment was debited and no tickets booked they suggest payment will refund back to me and i have to reserve again which i did now it s been more then 10 days now no clue about my money also said that there was no bus booked earlier by me no proper communication worst customer service at the end i lost nearly about 2 5k,negative
1,The have done a fraud with me. I booked 2 tickets from Pathankot to Delhi and opt for free cancellation however I cancelled the ticket due to some reasons but they haven't refund my money and everytime when I call them they says that you will get refund within 24 hours and it's been more than 2 weeks,16-06-2024,the have done a fraud with me i booked 2 tickets from pathankot to delhi and opt for free cancellation however i cancelled the ticket due to some reasons but they haven t refund my money and everytime when i call them they says that you will get refund within 24 hours and it s been more than 2 weeks,negative
1,Red bus service is worst I never had this before this experience with apsrtc and tsrtc and also abhibus also. I booked the tickets from chinthal hyderabad to Narasaraopet ap. But driver called me and instructed come to moosapet for bus pick up. What is this I don't know. And more over the person who called me. Instead of requesting me he is telling very arrogantly. This is not the behavior with the passengers and while I'm trying to reach redbus customers the I've options are not connecting to call center even after all details submitted which are asked by IVR. ACTUALLY OM GIVING 0 RATING TO RED BUS. DON'T CHOOSE RED BUS AND DON'T OUR APSRTC AND TSRTC FAR BETTER THAN THIS RED BUS.,23-12-2023,red bus service is worst i never had this before this experience with apsrtc and tsrtc and also abhibus also i booked the tickets from chinthal hyderabad to narasaraopet ap but driver called me and instructed come to moosapet for bus pick up what is this i don t know and more over the person who called me instead of requesting me he is telling very arrogantly this is not the behavior with the passengers and while i m trying to reach redbus customers the i ve options are not connecting to call center even after all details submitted which are asked by ivr actually om giving 0 rating to red bus don t choose red bus and don t our apsrtc and tsrtc far better than this red bus,negative
1,"I had travelled from Aurangabad, Maharashtra to Bhilai (Chhattisgarh) and back on 29th June 2024 and return on 3rd July 2024. I had booked the travel trough Redbus.com and the services were horrible. No customer service support, very diffictult to connect with them and not ready to help and support or talk to the bus operators.
I had travelled through New Royal Travels (Raipur)
Ticket Number: TT7U14644060 | PNR No: 1698601
Ticket Number: TT7X29762138 | PNR No: 1701283
Royal bus was very dirty, Lenin/bed sheet were bad, Cleanliness of bus by pathetic, Light not working, Mobile charging ports not working, A/c vent broken,
Bus stopping locations chosen by Royal bus were of no standards I will rate them as 0.5 Star, Ladies and Gents washroom (toilets) were so bad that you cannot even enter the toilets. Food quality is bad
I had decided not to use Redbus and New Royal Travels (Raipur) bus in future.
Manoj Gupta",06-07-2024,i had travelled from aurangabad maharashtra to bhilai chhattisgarh and back on 29th june 2024 and return on 3rd july 2024 i had booked the travel trough redbus com and the services were horrible no customer service support very diffictult to connect with them and not ready to help and support or talk to the bus operators i had travelled through new royal travels raipur pnr no 1698601 pnr no 1701283 royal bus was very dirty lenin bed sheet were bad cleanliness of bus by pathetic light not working mobile charging ports not working a c vent broken bus stopping locations chosen by royal bus were of no standards i will rate them as 0 5 star ladies and gents washroom toilets were so bad that you cannot even enter the toilets food quality is bad i had decided not to use redbus and new royal travels raipur bus in future manoj gupta,negative
1,"I bboked the ticket on 11-03-2024 from Redbus.com hyderabad to bangalore By Dhanunjaya travels Seat no:13, I came to Shamshabad bus stop with my Luggage(small kids car), but the bus management not support to adjust my luggage in the bus luggage box, so that i loose my bus and i traveled in another bus by puchase new ticket. I complant this issue to Redbus, till now i did not receve any respose from Redbus.",16-03-2024,i bboked the ticket on 11 03 2024 from redbus com hyderabad to bangalore by dhanunjaya travels seat no 13 i came to shamshabad bus stop with my luggage small kids car but the bus management not support to adjust my luggage in the bus luggage box so that i loose my bus and i traveled in another bus by puchase new ticket i complant this issue to redbus till now i did not receve any respose from redbus,negative
1,"VERY VERY POOR SERVICE , I HAD BOOKES TWO TICKET ON 2/08/2024. BY MISTAKE I BOOKED TWO TIMES. THEN THERE ARE 4 TICKETS, I TRIED TO CANCEL THE OTHER TWO. THEY ASKED FOR TICKET NUMBER I WRITE THE TICKET NUMBER IN THIES MESSAGE. THEY SAYING NUMBER IS NOT CURRECT. I LOST MY 1428 RS. VERY POOR COMPANY. NEVER I WILL PREFER REDBUS",02-09-2024,very very poor service i had bookes two ticket on 2 08 2024 by mistake i booked two times then there are 4 tickets i tried to cancel the other two they asked for i write the in thies message they saying number is not currect i lost my 1428 rs very poor company never i will prefer redbus,negative
1,Red bus ki app se Nuego bus ki ticket book ki Vrindavan to delhi jiske under na to pani mila 1hour late Vrindavan me dahbe par ruki rahi mari age ki train miss ho gai,01-02-2024,red bus ki app se nuego bus ki ticket book ki vrindavan to delhi jiske under na to pani mila 1hour late vrindavan me dahbe par ruki rahi mari age ki train miss ho gai,negative
1,Bus bookings had wrong numbers. Customer Care from Bangalore (Rohit) didn't fully understand the grievance and repeated the same solution which made no sense. Refusal of connecting to the manager to get the issue expedited. Poor verification of buses and travel companies on their site.,12-07-2024,bus bookings had wrong numbers customer care from bangalore rohit didn t fully understand the grievance and repeated the same solution which made no sense refusal of connecting to the manager to get the issue expedited poor verification of buses and travel companies on their site,negative
1,I booked a bus via redbus as early as 3am. After running around trying to figure out if the bus is missed and profusely sweating got to know after innumerable calls that the service got cancelled without prior notice. They should have been a little more considerate towards updates. After this comes the issue of refund. Once they call me and say that I would recieve a full refund into my bank account and the same day they say charges will be deducted for booking the bus. I don’t understand why customers should pay GST without availing the service. Simply they are deducting mediator charges and burdening customers. I’m so upset with this open kind of cheating.,23-11-2023,i booked a bus via redbus as early as 3am after running around trying to figure out if the bus is missed and profusely sweating got to know after innumerable calls that the service got cancelled without prior notice they should have been a little more considerate towards updates after this comes the issue of refund once they call me and say that i would recieve a full refund into my bank account and the same day they say charges will be deducted for booking the bus i don t understand why customers should pay gst without availing the service simply they are deducting mediator charges and burdening customers i m so upset with this open kind of cheating,negative
1,Recently planned the journey for my family's members and paid approximately 14000 for the journey of 6 members but it become trouble for them. Such a worst experience face I ever seen yet. Service were CITY LAND TRAVEL. Apart from that Two days back sent an email bus no has replied on email yet....,03-06-2024,recently planned the journey for my family s members and paid approximately 14000 for the journey of 6 members but it become trouble for them such a worst experience face i ever seen yet service were city land travel apart from that two days back sent an email bus no has replied on email yet,negative
1,"My refund ₹1785.00 ARN 420296359550informs as completed on 20.07.24
Ticket #TT8E49895480PNR #13631289
Sugama Travels Bangalore to KUNDAPURA

But no yet credited to my bank account
Sheshagiri Hebbar
Sharada Hebbar",22-07-2024,my refund 1785 00 arn 420296359550informs as completed on 20 07 24 13631289 sugama travels bangalore to kundapura but no yet credited to my bank account sheshagiri hebbar sharada hebbar,negative
1,"Very Unprofessional customer care service. I had to travel from Kochi to Bangalore on Shama bus which was booked using redbus app. The bus got breakdown in between and got delayed by 8 hours. When tried to reach the customer care, these redbus people were asking me to wait fro 24-48 hours to fix the issue. The people were quarrelling with driver and cleaner to provide another bus and redbus customer care is pathetic than a bot, asking us to wait for 24-48 hours and wan't even willing to provide alternative arrangements or refunds regarding the same. These people is totally careless once we pay the amount. Irresponsible people!",04-02-2024,very unprofessional customer care service i had to travel from kochi to bangalore on shama bus which was booked using redbus app the bus got breakdown in between and got delayed by 8 hours when tried to reach the customer care these redbus people were asking me to wait fro 24 48 hours to fix the issue the people were quarrelling with driver and cleaner to provide another bus and redbus customer care is pathetic than a bot asking us to wait for 24 48 hours and wan t even willing to provide alternative arrangements or refunds regarding the same these people is totally careless once we pay the amount irresponsible people,negative
1,The worst ever experience in bus travel. Change of bus route wasn't told before the start of journey. The bus was late for 8hrs. This was my first experience in redbus and felt very horrible. The change could be said and refund should have been made and also the bus stops in each and every 5 minutes. Will never ever book again from red bus. The worst ever experience in life. The journey from Bangalore to Ernakulam took almost 18 hrs . Taking a flight could have been better. Please atleast inform the passengers about the change and delay or atleast make an arrangement. Murahara bus.,19-06-2024,the worst ever experience in bus travel change of bus route wasn t told before the start of journey the bus was late for 8hrs this was my first experience in redbus and felt very horrible the change could be said and refund should have been made and also the bus stops in each and every 5 minutes will never ever book again from red bus the worst ever experience in life the journey from bangalore to ernakulam took almost 18 hrs taking a flight could have been better please atleast inform the passengers about the change and delay or atleast make an arrangement murahara bus,negative
1,Very bad service my experience at night booking of 1 o'clock bus not pick up till 2.30 and refund also not given never book,05-10-2024,very bad service my experience at night booking of 1 o clock bus not pick up till 2 30 and refund also not given never book,negative
1,"Never go for this app. They just breach the promise, and the one who breach the promise are called cheaters. They dnt have control over bus operators available on their platform. The bus operators cancel bus and Red bus jst talk about refund.They dnt knw the pain of customer who is waiting for the bus on the road of unknown City in the midnight. They jst ask to go for other bus operators. Worst service ever. . .",16-01-2024,never go for this app they just breach the promise and the one who breach the promise are called cheaters they dnt have control over bus operators available on their platform the bus operators cancel bus and red bus jst talk about refund they dnt knw the pain of customer who is waiting for the bus on the road of unknown city in the midnight they jst ask to go for other bus operators worst service ever,negative
1,"Worat experience ofy life, I was travelling qith mu fiance for the very first and they completely apolid my day , the bus was delayed reaching location without any reason , there were not blankets , pillows and not even a water bottle . The staff was also not co operative and the resume support agents also does not helped out me giving any solution.

It truly seema like the complete organisation have motive just to earn money but not giving experience to their travelers.",19-08-2024,worat experience ofy life i was travelling qith mu fiance for the very first and they completely apolid my day the bus was delayed reaching location without any reason there were not blankets pillows and not even a water bottle the staff was also not co operative and the resume support agents also does not helped out me giving any solution it truly seema like the complete organisation have motive just to earn money but not giving experience to their travelers,negative
1,Very very bad experience more than five hours late dropping point ... please don't travel ever...they are making fool of passengers...if you book as per scadule and price......far far better a government busses ..don't travel by redbus...busses are very bad condition.. outlook is good but when you enter seats are broken... specially city land .....,29-03-2024,very very bad experience more than five hours late dropping point please don t travel ever they are making fool of passengers if you book as per scadule and price far far better a government busses don t travel by redbus busses are very bad condition outlook is good but when you enter seats are broken specially city land,negative
1,"It's wrost experience, I'm using red bus for past 6 yrs, today I've booked ticket from Villupuram to Trichy for 3 people in red bus and travel name is red express. I had 2 issues
First - Time - 5.40 pm boarding time and bus reached pick up venue by 7.
pm.
2 ) I booked for AC sleeper coach, but bus has some technical issue so travelled without AC, I asked to change the bus with driver as well red bus customer service but it not happened... I travelled with my 8 months baby with this situation....
While Im complaining about the issue the bus operators not picked up the call, this feedback i received from customer service officer...
Finally they said will process 20% of booked value as compensation...

This is not about the money, the trust we had on red bus totally gone mess..

I'm totally disappointed this kind of service....",15-07-2024,it s wrost experience i m using red bus for past 6 yrs today i ve booked ticket from villupuram to trichy for 3 people in red bus and travel name is red express i had 2 issues first time 5 40 pm boarding time and bus reached pick up venue by 7 pm 2 i booked for ac sleeper coach but bus has some technical issue so travelled without ac i asked to change the bus with driver as well red bus customer service but it not happened i travelled with my 8 months baby with this situation while im complaining about the issue the bus operators not picked up the call this feedback i received from customer service officer finally they said will process 20 of booked value as compensation this is not about the money the trust we had on red bus totally gone mess i m totally disappointed this kind of service,negative
1,The worst bus service ever. I had booked bus in an unknown city Jaiselmer. The worst ever service we received. My bus was t 6.30 PM. We got a reminder message at 3pm. Then the operator cancelled the bus in last minute. We had to take a flight next day from Udaipur. No other bus was arranged. We hired a taxi and reached Udaipur. The customer care is least bothered and no action has been taken yet on this.,16-10-2024,the worst bus service ever i had booked bus in an unknown city jaiselmer the worst ever service we received my bus was t 6 30 pm we got a reminder message at 3pm then the operator cancelled the bus in last minute we had to take a flight next day from udaipur no other bus was arranged we hired a taxi and reached udaipur the customer care is least bothered and no action has been taken yet on this,negative
1,Not at all customer friendly. They didn't even compromise for a human error in booking and demanded to book another ticket. The person in the bus lied that no seats are available to adjust while after 10 minutes offered two seats if willing to pay for another two tickets extra while I got only rs 62 refund for rs 1632 for the first error booked ticket.,20-03-2024,not at all customer friendly they didn t even compromise for a human error in booking and demanded to book another ticket the person in the bus lied that no seats are available to adjust while after 10 minutes offered two seats if willing to pay for another two tickets extra while i got only rs 62 refund for rs 1632 for the first error booked ticket,negative
1,Worst service. Booked yolo bus from red bus app from bangalore to tirupati. Red bus gave timings as 2.30 in tin factory and reach tirupati by 6.30. But actual timings are totally different. Atleast to report this there is no proper contact given. Not responding at all. Lost my money because of this worst bus app,14-06-2024,worst service booked yolo bus from red bus app from bangalore to tirupati red bus gave timings as 2 30 in tin factory and reach tirupati by 6 30 but actual timings are totally different atleast to report this there is no proper contact given not responding at all lost my money because of this worst bus app,negative
1,"I had a horrendous experience with Jai Mata Di Travels. During my journey, the bus encountered a severe accident with no assistance or support from the travel agency. Shockingly, they failed to provide any alternative services or compensation. A complete disregard for passenger safety and well-being. Avoid this travel agency at all costs.",19-11-2023,i had a horrendous experience with jai mata di travels during my journey the bus encountered a severe accident with no assistance or support from the travel agency shockingly they failed to provide any alternative services or compensation a complete disregard for passenger safety and well being avoid this travel agency at all costs,negative
1,I lost all my money as they refused to cancel my booking although my reason was genuine. Their website doesn’t allow change in date while booking and it is designed very badly. The customer service is of no use,17-08-2024,i lost all my money as they refused to cancel my booking although my reason was genuine their website doesn t allow change in date while booking and it is designed very badly the customer service is of no use,negative
1,I AM KALIM CHANDNIWALA I HAVE BOOK 2 TICKET BY MISTAKE DATE 29.08.2024 REFUND MY MONEY I HAVE CALL YOUR TOLL FREE NUMBER HE TOLD I HAVE NOT SUPPORT YOU MY MONEY 1651.12RS VESTED PLEASE REFUND MY MONEY,30-08-2024,i am kalim chandniwala i have book 2 ticket by mistake date 29 08 2024 refund my money i have call your toll free number he told i have not support you my money 1651 12rs vested please refund my money,negative
1,"Bhai log aap log koi bhi red bus app se bus book mat karana .
Ye Jo red bus wale booking karte hai ye booking bus walo ke pass nhi hoti . Aur khas kar bihar me to koi bhi ticket is app se book na karaye. Aur bhi bahut app hai aap log. Mera refund bhi nhi kiya . Aur bus wale bolte red bus walo se baat karo tumhari ticket book nhi hai. Ab batao bus niklane ka time ho rha hai aur aab nain red bus walo se baat kab karoonga . Jab bus nikal jayegi tab .",03-09-2024,bhai log aap log koi bhi red bus app se bus book mat karana ye jo red bus wale booking karte hai ye booking bus walo ke pass nhi hoti aur khas kar bihar me to koi bhi ticket is app se book na karaye aur bhi bahut app hai aap log mera refund bhi nhi kiya aur bus wale bolte red bus walo se baat karo tumhari ticket book nhi hai ab batao bus niklane ka time ho rha hai aur aab nain red bus walo se baat kab karoonga jab bus nikal jayegi tab,negative
1,The actual transport service is hidden frm customer. Boarding point misleading. Staff trained to evade .85% rate it one star. Big stars advertising shd be hauled up.,07-05-2024,the actual transport service is hidden frm customer boarding point misleading staff trained to evade 85 rate it one star big stars advertising shd be hauled up,negative
1,My bus is cancelled by bus operator. Now it’s 3rd day still I didn’t get any message regarding the refund Every time I spending nearly one hour to contact the customer care still my issue is not resolved,08-04-2024,my bus is cancelled by bus operator now it s 3rd day still i didn t get any message regarding the refund every time i spending nearly one hour to contact the customer care still my issue is not resolved,negative
1,"If there was something below 1 star. I would have gone for that. Red bus is too pathetic and they won't do anything no matter how many complaint you raise or what difficulties you face. Bus got delayed for more than 3 hrs at boarding point, beed sheets dirty, food was spoiled on bus seats, unhygienic, dirty, extreme dirty, ac stopped working. Had to be there inside bus without ac for more than 4hrs. The bus reached the destination 5hrs late. The refund that they were willing to give was 264rs on tickets of 1900 for the problem we faced. On asking for genuine refund amount the red bus service provider named Gaus Sheikh asked us to wait for 48 hours, which we patiently did and later again after that we are asked to wait for next 24 hours. So never ever go for this bus service. Go for the costly and reliable one, but don't book their services based on the coupons. Pathetic they are",22-08-2024,if there was something below 1 star i would have gone for that red bus is too pathetic and they won t do anything no matter how many complaint you raise or what difficulties you face bus got delayed for more than 3 hrs at boarding point beed sheets dirty food was spoiled on bus seats unhygienic dirty extreme dirty ac stopped working had to be there inside bus without ac for more than 4hrs the bus reached the destination 5hrs late the refund that they were willing to give was 264rs on tickets of 1900 for the problem we faced on asking for genuine refund amount the red bus service provider named gaus sheikh asked us to wait for 48 hours which we patiently did and later again after that we are asked to wait for next 24 hours so never ever go for this bus service go for the costly and reliable one but don t book their services based on the coupons pathetic they are,negative
2,"Bus was on time, they even waited five minutes for us and they were easily reachable by phone. We got water and blankets in bus and comfort was good.

However, bus only stopped two times. One time only for ten minutes in which everyone had to use the bathroom. The bus drivers did not speak English and were pretty rude. They left three girls behind because they were taking too long in the bathroom. One time we stopped randomly for like three minutes in which my friend ran outside to pee, but the bus started to drive away again so he couldn’t pee and instead, had to pee in a water bottle inside the bus. Also, there were no bags for vomiting, so I was lucky to find a plastic bag somewhere in the bus when I had to vomit.

Lastly, the bus driver was driving really fast (too fast I think) in the narrow mountain passes. I did not feel really safe.

The bus was from Lakshmi Holidays and the number was 1854.

I hope the driver and conductor will be supportive to the passengers next time.",28-03-2024,bus was on time they even waited five minutes for us and they were easily reachable by phone we got water and blankets in bus and comfort was good however bus only stopped two times one time only for ten minutes in which everyone had to use the bathroom the bus drivers did not speak english and were pretty rude they left three girls behind because they were taking too long in the bathroom one time we stopped randomly for like three minutes in which my friend ran outside to pee but the bus started to drive away again so he couldn t pee and instead had to pee in a water bottle inside the bus also there were no bags for vomiting so i was lucky to find a plastic bag somewhere in the bus when i had to vomit lastly the bus driver was driving really fast too fast i think in the narrow mountain passes i did not feel really safe the bus was from lakshmi holidays and the number was 1854 i hope the driver and conductor will be supportive to the passengers next time,negative
1,Worst company for booking no customer service rude behavior of the costumer service people seating on the chat the don't want to hear you don't understand basic english and rude replies rude way of talking and thats not it they tell you the wrong name so that you cant complaint id you sak them for there nam they will answer you rudely and ask you to find it. They are not down for your basic help which was pulling my reservation see that mine ticket is booked in sleeper or not in my case. Worst costumer service i ever got. They try to disconnect the chat again and again and at the while i was still asking for the help the agent ends up the chat without even giving me the answering my query. Worst costumer service after making the booking.,24-04-2024,worst company for booking no customer service rude behavior of the costumer service people seating on the chat the don t want to hear you don t understand basic english and rude replies rude way of talking and thats not it they tell you the wrong name so that you cant complaint id you sak them for there nam they will answer you rudely and ask you to find it they are not down for your basic help which was pulling my reservation see that mine ticket is booked in sleeper or not in my case worst costumer service i ever got they try to disconnect the chat again and again and at the while i was still asking for the help the agent ends up the chat without even giving me the answering my query worst costumer service after making the booking,negative
1,"Pathetic service, They are fraud application who does not want to tak any onus for cancellations. They do not redivert the booking. I had to 50% more than the previously booked price and only words they have is ""we apologize"". The refund take 15 days. So all in all you loose the booking, your money is locked for 15 days. Then you have to book a new ticket for Higher prices",05-05-2024,pathetic service they are fraud application who does not want to tak any onus for cancellations they do not redivert the booking i had to 50 more than the previously booked price and only words they have is we apologize the refund take 15 days so all in all you loose the booking your money is locked for 15 days then you have to book a new ticket for higher prices,negative
1,"Red bus service are very bad yesterday I was booked indore to Ajmer Rajasthan travels bus this bus pickup time 8:30pm and bus come 9:20pm dropped time 8Am but bus it’s too much late at 10Am bus not crossed nasirabad
My redbus booking experience and travelling experience is very bad",19-04-2024,red bus service are very bad yesterday i was booked indore to ajmer rajasthan travels bus this bus pickup time 8 30pm and bus come 9 20pm dropped time 8am but bus it s too much late at 10am bus not crossed nasirabad my redbus booking experience and travelling experience is very bad,negative
1,"After a numerous call and complaint raised but i didn’t get any proper response from any of your team member.

I have booked bus for 16 Jun for Manali to Delhi on 15 jun night but I didn’t get tickets and when I called to customer care they asked to rebook the ticket because there is some error the ticket is not raised. And he said that I will get my refund back. I have paid 7877.26 which I didn’t get yet.

Request you to please get my funds back.

I have shared my bank statement to but now im not getting any response",16-07-2024,after a numerous call and complaint raised but i didn t get any proper response from any of your team member i have booked bus for 16 jun for manali to delhi on 15 jun night but i didn t get tickets and when i called to customer care they asked to rebook the there is some error the ticket is not raised and he said that i will get my refund back i have paid 7877 26 which i didn t get yet request you to please get my funds back i have shared my bank statement to but now im not getting any response,negative
1,"If there was minus rating I would have given the highest minus rating or zero rating atleast.

They don't listen to the user needs at all. They keep reciting the dialogue given to them. I see no need of humans to do such job. Booked a ticket for 15th June 24, but got confirmation for 22nd June 24. Called the team 4-5 times and informed them about the issue they said it was technical issue and it would get resolved in 30 min max from 7am till 1pm I have tried multiple times but nothing worked out. After multiple attempts they say they charge a cancellation fees for their technical issue.

And none of the customer support agents were able to fix it. All I want is to get the ticket rescheduled for 15th which they failed to do.

Hate them and their support team. I ban this app forever.",15-06-2024,if there was minus rating i would have given the highest minus rating or zero rating atleast they don t listen to the user needs at all they keep reciting the dialogue given to them i see no need of humans to do such job booked a ticket for 15th june 24 but got confirmation for 22nd june 24 called the team 4 5 times and informed them about the issue they said it was technical issue and it would get resolved in 30 min max from 7am till 1pm i have tried multiple times but nothing worked out after multiple attempts they say they charge a cancellation fees for their technical issue and none of the customer support agents were able to fix it all i want is to get the for 15th which they failed to do hate them and their support team i ban this app forever,negative
1,"Redbus is not co operating in times of cancellation. Even when their booked bus is cancelled it’s difficult to get back our money. My recent experience is that I booked a ticket on 12.6.24 to travel from Pune to Hyderabad on 16.6.24 by S B Travels at 7 pm for ₹1695/-.The useless Redbus sent a message at 6 pm regarding cancellation of the bus . I booked fresh ticket at 6.30 pm by spending additional money as travel was necessary. Till date I didn’t get my money back. They say they have remitted money but I have not got credit yet even after more than 1 month.

Further such sudden cancellation happened two more occasions. Also 3 times the bus got break downs at midnight during midway making delay of 6-8 hours . Most of the time the tracking is not working and Pick up points changes by them and give trouble to passengers. Many times AC not working. Totally unprofessional business. Govt should take action against them . People should not use them at all if they need good service.",15-07-2024,redbus is not co operating in times of cancellation even when their booked bus is cancelled it s difficult to get back our money my recent experience is that i booked a ticket on 12 6 24 to travel from pune to hyderabad on 16 6 24 by s b travels at 7 pm for 1695 the useless redbus sent a message at 6 pm regarding cancellation of the bus i booked fresh ticket at 6 30 pm by spending additional money as travel was necessary till date i didn t get my money back they say they have remitted money but i have not got credit yet even after more than 1 month further such sudden cancellation happened two more occasions also 3 times the bus got break downs at midnight during midway making delay of 6 8 hours most of the time the tracking is not working and pick up points changes by them and give trouble to passengers many times ac not working totally unprofessional business govt should take action against them people should not use them at all if they need good service,negative
1,"No matter how difficult the problem is in life, never book a ticket with Red Bus! I booked the ticket in emergency. My friend's mother had died and it was necessary for me to attend her funeral and the ticket cost Rs. 4200. After reaching the pickup point, I waited for the bus for 5 hours. After this, the bus operator says that you should cancel the ticket because the bus tickets are full, when I called the customer care of Red Bus, they said that you go home, we will file a complaint, I waited for 10 days. Then Red Bus says sorry, we cannot even refund your money.",02-04-2024,no matter how difficult the problem is in life never book a ticket with red bus i booked the ticket in emergency my friend s mother had died and it was necessary for me to attend her funeral and the ticket cost rs 4200 after reaching the pickup point i waited for the bus for 5 hours after this the bus operator says that you should cancel the the bus tickets are full when i called the customer care of red bus they said that you go home we will file a complaint i waited for 10 days then red bus says sorry we cannot even refund your money,negative
5,Yolo bus journey from Chennai to Bangalore was safe smooth and quick. Overall maintenance is decent.,19-03-2024,yolo bus journey from chennai to bangalore was safe smooth and quick overall maintenance is decent,positive
1,"Review Title: Incorrect Drop Point and Poor Support Response RedBus Website
I recently booked two bus tickets online from REDBUS website traveler name Choudhary Travels Baytu one for my son 16-year-old boy and the other My mother 86-year-old lady. The website incorrectly listed the drop-off point, instead of Borivali they mention Mumbai Central which is 35 to 40 km far and despite reaching out to customer support, they only partially addressed the issue. They admitted the error in chat but ended the conversation abruptly without offering a solution. I repeatedly explained the importance of an accurate drop point, especially for the elderly passenger, and provided screenshots showing our conversation and the issue.
Even though they acknowledged their mistake, they refused to change the drop point or offer a refund, instead blaming me for selecting it. It’s extremely disappointing and unprofessional to encounter such a response when a company has made a clear error. I hope REDBUS website traveler name Choudhary Travels Baytu take responsibility to solve this issue.",02-11-2024,review title incorrect drop point and poor support response redbus website i recently booked two bus tickets online from redbus website traveler name choudhary travels baytu one for my son 16 year old boy and the other my mother 86 year old lady the website incorrectly listed the drop off point instead of borivali they mention mumbai central which is 35 to 40 km far and despite reaching out to customer support they only partially addressed the issue they admitted the error in chat but ended the conversation abruptly without offering a solution i repeatedly explained the importance of an accurate drop point especially for the elderly passenger and provided screenshots showing our conversation and the issue even though they acknowledged their mistake they refused to change the drop point or offer a refund instead blaming me for selecting it it s extremely disappointing and unprofessional to encounter such a response when a company has made a clear error i hope redbus website traveler name choudhary travels baytu take responsibility to solve this issue,negative
2,i don't recommend it anyone. Haven't given water bottle. Driver allowed drunker in the bus. Redbus application is worst to book sites. Hyderabad - Vijayawada |,07-02-2024,i don t recommend it anyone haven t given water bottle driver allowed drunker in the bus redbus application is worst to book sites hyderabad vijayawada,negative
5,Its was nice journey.. Good response... Happy and safe journey thank u VRN travels.,13-11-2024,its was nice journey good response happy and safe journey thank u vrn travels,positive
1,"I booked in red bus app from Chennai to Bangalore, pick up point is Egmore but they send a small riksha auto it’s not comfortable to seat for us. And it is very difficult to travel for us and it is so worst travels name Bharat travel",04-03-2024,i booked in red bus app from chennai to bangalore pick up point is egmore but they send a small riksha auto it s not comfortable to seat for us and it is very difficult to travel for us and it is so worst travels name bharat travel,negative
1,"I traveled with my two kids (one is a toddler) and my father from Bangalore to Mysore on 23rd December 2023 booking my tickets in redbus. They allotted me a bus operated by India Tours and Travels. The Bus was already more than half an hour late when I boarded it. When the bus reached Srirangapattanam, it diverted from the NH and took a turn to tourist spots in Srirangapattanam and it was almost 12 pm. When I inquired with the driver and the redbus operator (India tours) they are claiming it as a tourist bus and they dropped me in front of the tourist spot (srirangapattanam temple). I LITERALLY RAN with by kids and aged father along with our heavy lugggages, to hire one cab to take me to Mysore which is 20 km away so I can board the next bus from Mysore at 1.30 pm.
When I raised a complaint in redbus they are claiming they are not aware that the bus is tourist bus and they send me a mail that it was a bus break down.",15-01-2024,i traveled with my two kids one is a toddler and my father from bangalore to mysore on 23rd december 2023 booking my tickets in redbus they allotted me a bus operated by india tours and travels the bus was already more than half an hour late when i boarded it when the bus reached srirangapattanam it diverted from the nh and took a turn to tourist spots in srirangapattanam and it was almost 12 pm when i inquired with the driver and the redbus operator india tours they are claiming it as a tourist bus and they dropped me in front of the tourist spot srirangapattanam temple i literally ran with by kids and aged father along with our heavy lugggages to hire one cab to take me to mysore which is 20 km away so i can board the next bus from mysore at 1 30 pm when i raised a complaint in redbus they are claiming they are not aware that the bus is tourist bus and they send me a mail that it was a bus break down,negative
1,"Pathetic customer care. Refused to acknowledge mistake on their side whereby they mistakenly gave me a ticket for a wrong date. I was given an option to change the travel date which I used, but the new supposedly changed ticket still reflected the wrong date. When I raised the issue with the customer care, I was simply informed that I had already used up my option to change the date and that I cannot change the date again or get a refund for the ticket. In essence, I have been scammed of 1.7k bucks for a ticket that is of no use to me. To put the absurdity in perspective, according to Redbus, I changed a ticket from 14th May to 14th May. The steadfast refusal to acknowledge the mistake on their side and to provide any favourable resolution came as a rude surprise. I wonder how many others have got scammed in this manner by redbus.",14-04-2024,pathetic customer care refused to acknowledge mistake on their side whereby they mistakenly gave me a ticket for a wrong date i was given an option to change the travel date which i used but the new supposedly changed reflected the wrong date when i raised the issue with the customer care i was simply informed that i had already used up my option to change the date and that i cannot change the date again or get a refund for the ticket in essence i have been scammed of 1 7k bucks for a ticket that is of no use to me to put the absurdity in perspective according to redbus i changed a ticket from 14th may to 14th may the steadfast refusal to acknowledge the mistake on their side and to provide any favourable resolution came as a rude surprise i wonder how many others have got scammed in this manner by redbus,negative
1,"4 hours before got bus cancelled message, very poor service from the Redbus. Don't relay this kind of online service provider.",24-08-2024,4 hours before got bus cancelled message very poor service from the redbus don t relay this kind of online service provider,negative
1,"Heyy there , i booked a bus from red bus and it was travelling from Udaipur to Ahemdabad. The bus got worsen up between the route and no better option for reaching to Ahemdabad was provided to the customer. Most of the passengers had connecting flights and trains which were scheduled according to the timings of bus but this huge website working all over India didn’t took the responsibility and neither did they provided any compensation. Also the head operator to which we connected had no behaviour of talking to the customers which are already in trouble and cutted the call in the middle of the conversation because he wasn’t answerable at all. I would highly recommend to not book your journeys with red bus.",02-06-2024,heyy there i booked a bus from red bus and it was travelling from udaipur to ahemdabad the bus got worsen up between the route and no better option for reaching to ahemdabad was provided to the customer most of the passengers had connecting flights and trains which were scheduled according to the timings of bus but this huge website working all over india didn t took the responsibility and neither did they provided any compensation also the head operator to which we connected had no behaviour of talking to the customers which are already in trouble and cutted the call in the middle of the conversation because he wasn t answerable at all i would highly recommend to not book your journeys with red bus,negative
1,Pathetic service . No update about last minute cancellation of bus. They even do not provide a replacement. This causes increased inconvenience for planned journeys,09-04-2024,pathetic service no update about last minute cancellation of bus they even do not provide a replacement this causes increased inconvenience for planned journeys,negative
1,I told my complaints so many times but they didn't take my issue seriously and ignoring everytime this is very worst app.they doesn't care of their customer,27-05-2024,i told my complaints so many times but they didn t take my issue seriously and ignoring everytime this is very worst app they doesn t care of their customer,negative
1,"I booked a bus from Solan to Sonipat from Redbus on 27th June 2024, it took time for booking then I cancel it but my amount was deducted. When I talk to customer care assistance, contact is not available on the app.
After asking several times through chat messages, no one responded, after almost half an hour of mental harassment they gave no.
after a lot of trying I talk to executive but not resolved my query. The executive asked to talk to his senior but senior did not call back.
I got a call from a fraud number or asked me to download the avvldesk app and then I would get a refund.
I complained about this fraud to them.
Or I waited for 2 hours for the senior call of redbus support or contacted again but no conversation happened.
This gives even more mental harassment.
Then I cancelled my ticket.
When my amount was full 1167 they canceled it and asked to return Rs 907 or when my amount was canceled they asked to return only Rs 557.
This ghost is committing fraud
what a mistake this log is
causing mental stress to the customer
Your complaint should be filed in our consumer court.
bhot fraud kar rhw hai ye log hai",27-06-2024,i booked a bus from solan to sonipat from redbus on 27th june 2024 it took time for booking then i cancel it but my amount was deducted when i talk to customer care assistance contact is not available on the app after asking several times through chat messages no one responded after almost half an hour of mental harassment they gave no after a lot of trying i talk to executive but not resolved my query the executive asked to talk to his senior but senior did not call back i got a call from a fraud number or asked me to download the avvldesk app and then i would get a refund i complained about this fraud to them or i waited for 2 hours for the senior call of redbus support or contacted again but no conversation happened this gives even more mental harassment then i cancelled my ticket when my amount was full 1167 they canceled it and asked to return rs 907 or when my amount was canceled they asked to return only rs 557 this ghost is committing fraud what a mistake this log is causing mental stress to the customer your complaint should be filed in our consumer court bhot fraud kar rhw hai ye log hai,negative
1,"The service of Ashok bus was very poor because the bus in which I had booked was canceled and I was shifted to another bus.
And I was dropped at Mandsaur itself, 50 kilometers from my place.

In the second bus in which we were shifted, we were given the last seat in that bus.
And that cabin seat was so dirty that there was neither any light nor anything.",27-02-2024,the service of ashok bus was very poor because the bus in which i had booked was canceled and i was shifted to another bus and i was dropped at mandsaur itself 50 kilometers from my place in the second bus in which we were shifted we were given the last seat in that bus and that cabin seat was so dirty that there was neither any light nor anything,negative
1,Very worst service that I ever had in life...not able to reach the customer care at the time of reschedule the ticket...but the next day customer care is available to tell that the ticket is not able to cancel...goibibo.com is much better than redbus.com..pls don't book tickets using this redbus.com...cheating service...just for money...not customer service...very bad..,12-11-2023,very worst service that i ever had in life not able to reach the customer care at the time of reschedule the ticket but the next day customer care is available to tell that the ticket is not able to cancel goibibo com is much better than redbus com pls don t book tickets using this redbus com cheating service just for money not customer service very bad,negative
1,"Very worst service, they are not even care after booking the bus which they referred,
Reason- can tolerate 30 mints delay, but we are seating more than a hour every time when we are booking through the red bus, the red bus is taking only the profit from the transportation without any customer happyness, they won’t bother out the customer pain, we are paying the cost until we are getting the bus therir own wise, it’s really pathetic service",19-05-2024,very worst service they are not even care after booking the bus which they referred reason can tolerate 30 mints delay but we are seating more than a hour every time when we are booking through the red bus the red bus is taking only the profit from the transportation without any customer happyness they won t bother out the customer pain we are paying the cost until we are getting the bus therir own wise it s really pathetic service,negative
5,Very good service cooperative staff driver and cod river . Seats are too good. Very good experience.,26-04-2024,very good service cooperative staff driver and cod river seats are too good very good experience,positive
1,"I booked seabird tourist from redbus . It was horrible . Bus was stinking , windows were not opening . I was dying with suffocation",09-08-2024,i booked seabird tourist from redbus it was horrible bus was stinking windows were not opening i was dying with suffocation,negative
1,The review about the bus i travelled was cancelled by redbus. Redbus did fraud booking and cancelled the booking and initiated the refund. For just to remove the review.what a cheating game are they playing. Please dont trust redbus,04-01-2024,the review about the bus i travelled was cancelled by redbus redbus did fraud booking and cancelled the booking and initiated the refund for just to remove the review what a cheating game are they playing please dont trust redbus,negative
1,"RedBus offers the worst transport service imaginable. Their ticket rescheduling policy is atrocious, and their customer care is an absolute nightmare. This company is completely incompetent and untrustworthy. Avoid RedBus at all costs and never book your tickets with them.",02-08-2024,redbus offers the worst transport service imaginable their policy is atrocious and their customer care is an absolute nightmare this company is completely incompetent and untrustworthy avoid redbus at all costs and never book your tickets with them,negative
1,"I booked ticket from Belagavi to Bangalore for my daughter on 21.04.2024. They charged Rs.950/- for seater, even though I selected sleeper seat. This is not the first time. My son also has experienced the same with red bus. So from now not going to believe Red Bus.",26-04-2024,i booked ticket from belagavi to bangalore for my daughter on 21 04 2024 they charged rs 950 for seater even though i selected sleeper seat this is not the first time my son also has experienced the same with red bus so from now not going to believe red bus,negative
1,"Worst experience on redbus
They are big cheaters
They promise us on refund on cancellation of ticket and after 2 months they say u haven't cancelled the ticket
They are big cheaters",29-12-2023,worst experience on redbus they are big cheaters they promise us on refund on cancellation of ticket and after 2 months they say u haven t cancelled the ticket they are big cheaters,negative
1,"Scammer company I must say, made to deceive customers, no cancellation, no rescheduling allowed. They just take your money. All thugs and a thug company.",10-05-2024,scammer company i must say made to deceive customers no cancellation no rescheduling allowed they just take your money all thugs and a thug company,negative
1,The red bus company is fraud they don't know how to handle customer and just giving an answer we are sorry this is not how the company works now I m not gonna leave them,21-02-2024,the red bus company is fraud they don t know how to handle customer and just giving an answer we are sorry this is not how the company works now i m not gonna leave them,negative
1,Driver not respond adilabad depot manager talking rashd she say im sleeping dont call me bus tracking not available what do im 7976 gnt adb bus not time maintains and not response driver srinu and manager female,03-03-2024,driver not respond adilabad depot manager talking rashd she say im sleeping dont call me bus tracking not available what do im 7976 gnt adb bus not time maintains and not response driver srinu and manager female,negative
1,"Hi, This is Manoj Gedam, from Solapur. Yesterday me and my wife boarded Khurana Bus from Nagpur for Solapur. Bus No was MH38X8024 From Ganesh Peth Nagpur. Bus started on time, I was allotted seat number L7& L8. But I was asked to take another seat number as they requested for adjustment, I did accept and took L10,L11. By the time we reached Bole Petrol Pump, another passenger holding ticket for L10 and L11 asked me to change my seat as he was not comfortable on L7 & L8, accordingly I approached to same person who requested me to change. All was happening in very cool way and it was very casual. But the time I was having chat with the person who requested me to change my seat , another person standing nearby intervene and arrogantly asked me go to seat No L12, L13. I simply told him not interfere in between. Bu he continued and we had a heated argument on that. Lastly, as a last resort he used foul language for my mother and sisters. This heated argument continued for another 9-10 minutes. Then my wife intervene and I got cooled down.
I want to say thank you Red Bus and Khurana Travel Services (KTS), (Rajat Sankul) for such a wonderful experience that I never had in my life. And I swear to not to take these services again in my life. Thank You again Red Bus and KTS.",15-05-2024,hi this is manoj gedam from solapur yesterday me and my wife boarded khurana bus from nagpur for solapur bus no was mh38x8024 from ganesh peth nagpur bus started on time i was allotted seat number l7 l8 but i was asked to take another seat number as they requested for adjustment i did accept and took l10 l11 by the time we reached bole petrol pump another passenger holding ticket for l10 and l11 asked me to change my seat as he was not comfortable on l7 l8 accordingly i approached to same person who requested me to change all was happening in very cool way and it was very casual but the time i was having chat with the person who requested me to change my seat another person standing nearby intervene and arrogantly asked me go to seat no l12 l13 i simply told him not interfere in between bu he continued and we had a heated argument on that lastly as a last resort he used foul language for my mother and sisters this heated argument continued for another 9 10 minutes then my wife intervene and i got cooled down i want to say thank you red bus and khurana travel services kts rajat sankul for such a wonderful experience that i never had in my life and i swear to not to take these services again in my life thank you again red bus and kts,negative
4,"i feel very excellent , no problems",18-11-2024,i feel very excellent no problems,positive
1,Zero stars - never book this company. My bus was supposed to leave at 10:30 at 11:15 they said that they were 1.5 hrs late they never came. Then they said 30 minutes two times then they said 2 more hours then they said that the bus needed repaired and they would send another bus in 2-3 hours!! Why not say that in the beginning instead of lie and have me wait at the bus station all night?!,12-05-2024,zero stars never book this company my bus was supposed to leave at 10 30 at 11 15 they said that they were 1 5 hrs late they never came then they said 30 minutes two times then they said 2 more hours then they said that the bus needed repaired and they would send another bus in 2 3 hours why not say that in the beginning instead of lie and have me wait at the bus station all night,negative
1,"Poor experience,Ticket booked,No prompt Time 3 Hours delayed service.No refund,Fake numbers on WhatsApp contact details.""A1"". Travels",10-04-2024,poor experience no prompt time 3 hours delayed service no refund fake numbers on whatsapp contact details a1 travels,negative
1,I had a ticket from pune to bhopal. But bus broke down on the way. We were transferred to a bus of lower category/fare. We were given only 2 seats instead of 3 . They did not provide an appropriate refund.,06-06-2024,i had a ticket from pune to bhopal but bus broke down on the way we were transferred to a bus of lower category fare we were given only 2 seats instead of 3 they did not provide an appropriate refund,negative
1,"Waste service in bus ac not working
No charging outlets
I felt very uncomfoetable in journey plz don't choose redbus",19-05-2024,waste service in bus ac not working no charging outlets i felt very uncomfoetable in journey plz don t choose redbus,negative
1,"This 1 star also they are not eligible.this is not the first time I’m facing this bus cancellation.on 22nd January 2024 I booked it from Bangalore to my hometown I booked a bus and it got cancelled and again I booked it and it got cancelled.I thought its ok and took it in a positive way.but these REDBUS I don’t know why they are dealing with this type of travels, I literally got frustrated and I can’t take it anymore that’s why I’m writing this review.
Again when I booked a bus from my hometown to Bangalore again same thing happened, we have a busy at 7:30 and we live little far to the boarding point so, we have to start early for boarding point and at 5:40 we received a message Stating that bus got canceled due to the breakdown. At that time what we can do and I have a child of an year old, and I tried to book the other busses and all buses are fully booked and I called customer care and they were simply apologising, but there apologies won’t change my situation where I’m.worst experience ever and I will never suggest anyone to book it from so called REDBUS..",30-01-2024,this 1 star also they are not eligible this is not the first time i m facing this bus cancellation on 22nd january 2024 i booked it from bangalore to my hometown i booked a bus and it got cancelled and again i booked it and it got cancelled i thought its ok and took it in a positive way but these redbus i don t know why they are dealing with this type of travels i literally got frustrated and i can t take it anymore that s why i m writing this review again when i booked a bus from my hometown to bangalore again same thing happened we have a busy at 7 30 and we live little far to the boarding point so we have to start early for boarding point and at 5 40 we received a message stating that bus got canceled due to the breakdown at that time what we can do and i have a child of an year old and i tried to book the other busses and all buses are fully booked and i called customer care and they were simply apologising but there apologies won t change my situation where i m worst experience ever and i will never suggest anyone to book it from so called redbus,negative
1,"booked ticket for 1st sep 2024, but to my surprise, the date shown in the ticket was 30th Aug. Immediately tried to change the date (as it was written on the ticket itself that ""free date change"". But they said, cancellation/date change time is over.)

Tried to contact cust care, but I doubt if at all they have a human support. At last contacted support guys through chat and she said, ur date change time is over. For your info - ticket booked at 3.56pm, and as per her, the cancellation/date change time is until 1pm only (ie. we have to cancel or change date even before booking the ticket, funny...).

She said, redbus can not do anything, and asked me to contact the bus operator. When I spoke to them, they said, they cant do anything, only redbus can cancel it. Someone should be responsible, I believe, as redbus took money from me, its their responsibility.

I have the screen shot of ticket (where its clearly written ""free date change""), and all the chat history with the cust support.

Redbus, this is not fair and right.
1. there is tech issue, where selected and and booked dates are diff
2. You are giving false promises (free date change)
3. negligence and avoidance - not responding to customers
4. asking for moon - giving a cancellation window till 1pm where the actual booking time itself is 3.56pm

Guys, please be very very cautious when u book ticket with REDBUS, yes, its RED, enter at your own risk.",30-08-2024,booked ticket for 1st sep 2024 but to my surprise the date shown in the ticket was 30th aug immediately tried to change the date as it was written on the that free date change but they said cancellation date change time is over tried to contact cust care but i doubt if at all they have a human support at last contacted support guys through chat and she said ur date change time is over for your info at 3 56pm and as per her the cancellation date change time is until 1pm only ie we have to cancel or change date even before booking the ticket funny she said redbus can not do anything and asked me to contact the bus operator when i spoke to them they said they cant do anything only redbus can cancel it someone should be responsible i believe as redbus took money from me its their responsibility i have the screen shot of ticket where its clearly written free date change and all the chat history with the cust support redbus this is not fair and right 1 there is tech issue where selected and and booked dates are diff 2 you are giving false promises free date change 3 negligence and avoidance not responding to customers 4 asking for moon giving a cancellation window till 1pm where the actual booking time itself is 3 56pm guys please be very very cautious when u book ticket with redbus yes its red enter at your own risk,negative
1,Do not book tickets by this app they totally denied for support. Very poor delivery quality in case of bus booking,01-07-2024,do not book tickets by this app they totally denied for support very poor delivery quality in case of bus booking,negative
1,Very bad experience with red bus here after I will never book my tickets through redbud they are cheating customers,06-09-2024,very bad experience with red bus here after i will never book my tickets through redbud they are cheating customers,negative
1,This is pathetic in the name of service industry. They bloody have strategy of taking money in advance rest all in pieces. They don't even care about customer. My prakash u r just bloody chor .,15-07-2024,this is pathetic in the name of service industry they bloody have strategy of taking money in advance rest all in pieces they don t even care about customer my prakash u r just bloody chor,negative
1,booked YOLO travels. but bus was delay for 2 hours. i asked reason for delay there is no proper response. there is no live tracking details for bus and no driver number. driver behavior is worst.,20-05-2024,booked yolo travels but bus was delay for 2 hours i asked reason for delay there is no proper response there is no live tracking details for bus and no driver number driver behavior is worst,negative
1,"I book ticket 12 Aug, and it shows ticket confirmed 14th August 8:30 p.m. about the cancelled messages 8: 32 p.m. The bus is cancelled. I am at the pickup point. The Red Bus customer care team says we don't know about this. We can not help you here. Then why this flat from We need to book this ticket. Say me one good reason. I need to trust this flat. I have been using this for 6 years.",14-08-2024,i book ticket 12 aug and it shows 14th august 8 30 p m about the cancelled messages 8 32 p m the bus is cancelled i am at the pickup point the red bus customer care team says we don t know about this we can not help you here then why this flat from we need to book this ticket say me one good reason i need to trust this flat i have been using this for 6 years,negative
1,"Very bad experience, book seat 7 ,
In third row , but bus operators give me front row seat , and said it's my seat no 6 , red bus sent them ,
But I book teat no 7 row 3 , window seat ,
I will suggest every one , not to book through red ,",21-05-2024,very bad experience book seat 7 in third row but bus operators give me front row seat and said it s my seat no 6 red bus sent them but i book teat no 7 row 3 window seat i will suggest every one not to book through red,negative
1,"I booked from redbus, it's raining bt my whole seat is wet due to rain and leaking in bus
Bus MH03 CV7308.
I paid for sleeper bt traveled by sitting on wet bed.
Tried to complaint bt. No one is picking call
And bus staff telling you booked online then. Ask them
Whyyy???🤬🤬😡😡😡
Whole night how can we travel 😡😡🤬
And one thing there is no any policy to complaint in Redbus app
Need to add",06-06-2024,i booked from redbus it s raining bt my whole seat is wet due to rain and leaking in bus bus mh03 cv7308 i paid for sleeper bt traveled by sitting on wet bed tried to complaint bt no one is picking call and bus staff telling you booked online then ask them whyyy whole night how can we travel and one thing there is no any policy to complaint in redbus app need to add,negative
1,Worst experience 😭😭😭😭😭 i have experienced in my life.plz plz Plzzzzz Do not travel with red bus.i strongly denied.Baba khatu shyam travel.Not working ac and charging.,08-04-2024,worst experience i have experienced in my life plz plz plzzzzz do not travel with red bus i strongly denied baba khatu shyam travel not working ac and charging,negative
1,"I booked a vaibhav travels bus from kolhapur to mumbai through red bus app. The travel was scheduled on 18th April 2024. The bus operator called me in the afternoon telling that the bus is being cancelled. The lady on the phone was not even able to respond properly and was not able to get the seat adjusted in any other bus of vaibhav travels. I reported it to red bus on the same day in the afternoon. The operator and red bus messaged me in the evening that the bus is running as per schedule. By that time i booked a flight for the next day. Today I received a call from red bus telling that the bus was on time on 18th April. And if i have recording of the bus operator call and i need to share that.And they can refund me maximum rs 200/- in my redbus wallet. Am I a begger to ask for 200rs refund, if I can afford a flight ticket which costed ame around 8000rs. I told the executive very clearly that i wont be booking any bus from the red bus app. I don't need any refund and i have deactivated my account and uninstalled the redbus app. Very pathetic service by vaibhav travels and red bus both. YOU BOTH PLEASE STOP FOOLING THE PEOPLE.",21-04-2024,i booked a vaibhav travels bus from kolhapur to mumbai through red bus app the travel was scheduled on 18th april 2024 the bus operator called me in the afternoon telling that the bus is being cancelled the lady on the phone was not even able to respond properly and was not able to get the seat adjusted in any other bus of vaibhav travels i reported it to red bus on the same day in the afternoon the operator and red bus messaged me in the evening that the bus is running as per schedule by that time i booked a flight for the next day today i received a call from red bus telling that the bus was on time on 18th april and if i have recording of the bus operator call and i need to share that and they can refund me maximum rs 200 in my redbus wallet am i a begger to ask for 200rs refund if i can afford a flight costed ame around 8000rs i told the executive very clearly that i wont be booking any bus from the red bus app i don t need any refund and i have deactivated my account and uninstalled the redbus app very pathetic service by vaibhav travels and red bus both you both please stop fooling the people,negative
1,"First of all shree ganesh bus came 35 minute late,
A/c was not proper
Leg space short
Worst of all
In the morning driver took a halt to hotel
No specified time was given to us i.e.
What time bus will move
The driver n conductor made chaos for me to finish fast
After a nightover journey
Timee should be given for going to washroom etc.
There was long queue at toilet
I decided to take some other place to relieve myself.
So in a hurry I FORGET MY SPECTACLES THERE
IN THIS HUSSLE BUSSLE I BOARDED THE BUS
AFTER 03 MINUTE I REALISED LOSING SPECTACLES
IMMEDIATELY I INFORMED DRIVER
BUT HE DID NOT HALT BUS
I TOLD HIM LET ME GO I WILL PICK THOSE SPECTACLES AS I CAN NOT SEE PROPERLY N ITS COST IS ABOUT 1500 RS.
BUT HE DID NOT LISEN N SAID BETTER YOU GET DOWN HERE
SO I ALIGHTED FROM BUS.
ABOUT 70 KM AWAY FROM PUNE ON STRANGE HIGHWAY
THOUGH I WAS GOING TO MUMBAI.
LATER IT WAS NIGHTMARE FOR ME TO TRAVEL FURTHER.
THIS WAS DISGUSTING.
KINDLY DO THE NEEDFUL.",31-05-2024,first of all shree ganesh bus came 35 minute late a c was not proper leg space short worst of all in the morning driver took a halt to hotel no specified time was given to us i e what time bus will move the driver n conductor made chaos for me to finish fast after a nightover journey timee should be given for going to washroom etc there was long queue at toilet i decided to take some other place to relieve myself so in a hurry i forget my spectacles there in this hussle bussle i boarded the bus after 03 minute i realised losing spectacles immediately i informed driver but he did not halt bus i told him let me go i will pick those spectacles as i can not see properly n its cost is about 1500 rs but he did not lisen n said better you get down here so i alighted from bus about 70 km away from pune on strange highway though i was going to mumbai later it was nightmare for me to travel further this was disgusting kindly do the needful,negative
1,Worst services...Bus drivers dont even care about red bus as a platform for booking tickets...They are asking why you are booking in red bus@Neem travels from Chennai to Nagercoil...Worst bus i have ever seen,06-12-2023,worst services bus drivers dont even care about red bus as a platform for booking tickets they are asking why you are booking in red bus neem travels from chennai to nagercoil worst bus i have ever seen,negative
1,"We booked a ticket and got an email and a link to track our bus and get to our station. Great, we thought -- how useful.
BEWARE: the pin on the map for Vytilla in Kochi, Kerala is wrong, it is not where the bus will come or stop. The bus will just skip this station.
Our bus never picked us up, and then we had to talk to a bunch of people who don't understand English or just didn't care. Some even hung up on us. We sent screen shots of the app, where it sent us, and how the bus skipped that point to no avail. They decided we were in the wrong and would not get our money back. Just fix your tracking app.",13-12-2023,we booked a ticket and got an email and a link to track our bus and get to our station great we thought how useful beware the pin on the map for vytilla in kochi kerala is wrong it is not where the bus will come or stop the bus will just skip this station our bus never picked us up and then we had to talk to a bunch of people who don t understand english or just didn t care some even hung up on us we sent screen shots of the app where it sent us and how the bus skipped that point to no avail they decided we were in the wrong and would not get our money back just fix your tracking app,negative
1,"Its is totally fraud
Making peoples fool and doing fraud
Taking fame of alluarjun and making frauds",02-07-2024,its is totally fraud making peoples fool and doing fraud taking fame of alluarjun and making frauds,negative
1,Not refunding cancelation amount asking for net banking information. kindly refund to phone no,10-11-2024,not refunding cancelation amount asking for net banking information kindly refund to phone no,negative
1,Red bus Wale fraud he ticket cancel kr dete he and money b return nhi karte don't trust red bus,18-06-2024,red bus wale fraud he kr dete he and money b return nhi karte don t trust red bus,negative
1,"Worst service.
I booked 2 tickets in last 3 month. I first they sent me wrong bus information. 2nd time bus is delayed by 3 hours. For redbus, its normal bus is delayed by 6 hours. We have to till 6 hours even your journey is about 3 hours",28-02-2024,worst service i booked 2 tickets in last 3 month i first they sent me wrong bus information 2nd time bus is delayed by 3 hours for redbus its normal bus is delayed by 6 hours we have to till 6 hours even your journey is about 3 hours,negative
1,Your application is not able to give review or rating wht was the issue of rating or review....,24-09-2024,your application is not able to give review or rating wht was the issue of rating or review,negative
1,Very bad service please don't use red bys instead use any other bus booking app,26-06-2024,very bad service please don t use red bys instead use any other bus booking app,negative
1,"SCAM & FRAUD The Conductor of (Himalyan Holidays bus) slapped and punched a passenger

7th November 11:40pm bus",05-12-2023,scam fraud the conductor of himalyan holidays bus slapped and punched a passenger 7th november 11 40pm bus,negative
1,"When I booked my ticket, the rescheduling option was available, but when I reached their customer support for the same they told me that rescheduling policy has expired.",11-03-2024,when i booked my ticket the rescheduling option was available but when i reached their customer support for the same they told me that rescheduling policy has expired,negative
1,worst fraudlent company cancellation policy worst every thing is worst,15-10-2024,worst fraudlent company cancellation policy worst every thing is worst,negative
1,I have book bus from Varanasi to nagpur and I have taken seat no R4 bus and timing was 2:30 pm I have reached boarding point at 1 pm at 2 40 pm they have send me Details of bus and my bus timing has changed to 4:30 and my seat no was changed to R8 I have got back seat in bus,23-02-2024,i have book bus from varanasi to nagpur and i have taken seat no r4 bus and timing was 2 30 pm i have reached boarding point at 1 pm at 2 40 pm they have send me details of bus and my bus timing has changed to 4 30 and my seat no was changed to r8 i have got back seat in bus,negative
1,"As a loyal redBus customer, I am deeply disappointed with the recent experience I've had.

For Ex. Despite placing an order and making the payment, I have yet to receive the delivery of my product. This suggests a significant issue within your supply chain, potentially involving fraudulent activities. incase of redbus, there no bus till 2pm at the boarding time and no call.

Currently, redBus has failed to address this matter effectively and has not refunded my money. This is my hard-earned money, and I demand a swift refund. I have all the necessary documentation to support my claim.

Below are the details

Pune-Udgir on Friday, November 10, 2023

Ticket Number: TSC628803548 | PNR No: 301337141-3003647

10/11/2023, 10:15 PM

N.T Abhinav AC Sleeper (2+1)

Ticket Rs. 2333.1(inclusive of GST)

Boarding Point : Pune, Hadapsar - n.t ap travels bajaj showroom

P. Name - Nayum Shaikh 38Yrs, MALE

Below are the concern

I am writing to express my extreme disappointment with the recent bus service I experienced through redBus. I waited at the boarding point from 10:15 PM until 2:00 AM, but the bus never arrived. This left me stuck and helpless for over four hours in an empty area and I am returned to home.

As a loyal redBus customer, I am appalled by the lack of regard for my time and safety demonstrated by this bus operator. I request a full refund for my ticket and urge redBus to take immediate action against this operator to prevent such incidents from recurring.

I have substantial evidence to substantiate my claims. Firstly, I have the Ola cab history confirming that I used their service to return home from the boarding point. Secondly, I booked another bus ticket the following day through a different bus operator on redBus to reach my destination. This proves that I was double-charged for the same journey due to the error in redBus's system. This incident has caused me considerable financial hardship, as the journey was already costly for me. I hope for a prompt resolution to this matter.",16-11-2023,as a loyal redbus customer i am deeply disappointed with the recent experience i ve had for ex despite placing an order and making the payment i have yet to receive the delivery of my product this suggests a significant issue within your supply chain potentially involving fraudulent activities incase of redbus there no bus till 2pm at the boarding time and no call currently redbus has failed to address this matter effectively and has not refunded my money this is my hard earned money and i demand a swift refund i have all the necessary documentation to support my claim below are the details pune udgir on friday november 10 2023 tsc628803548 pnr no 301337141 3003647 10 11 2023 10 15 pm n t abhinav ac sleeper 2 1 ticket rs 2333 1 inclusive of gst boarding point pune hadapsar n t ap travels bajaj showroom p name nayum shaikh 38yrs male below are the concern i am writing to express my extreme disappointment with the recent bus service i experienced through redbus i waited at the boarding point from 10 15 pm until 2 00 am but the bus never arrived this left me stuck and helpless for over four hours in an empty area and i am returned to home as a loyal redbus customer i am appalled by the lack of regard for my time and safety demonstrated by this bus operator i request a full refund for my ticket and urge redbus to take immediate action against this operator to prevent such incidents from recurring i have substantial evidence to substantiate my claims firstly i have the ola cab history confirming that i used their service to return home from the boarding point secondly i booked another bus ticket the following day through a different bus operator on redbus to reach my destination this proves that i was double charged for the same journey due to the error in redbus s system this incident has caused me considerable financial hardship as the journey was already costly for me i hope for a prompt resolution to this matter,negative
1,Red bus is a very useless fellow this BR bus service very very useless fellow.,30-08-2024,red bus is a very useless fellow this br bus service very very useless fellow,negative
1,"This app will show s high cost bus ticket s booking
Customer doesn't satisfaction redbus booking app",28-01-2024,this app will show s high cost bus ticket s booking customer doesn t satisfaction redbus booking app,negative
1,Too worst.customer support not available bus got delayed around 5 hrs.,06-07-2024,too worst customer support not available bus got delayed around 5 hrs,negative
1,"Bus arrived too much late and left the station too much late without Redbus inform me, i was like homeless in the bus station looking for my bus, my ticket was from cali to ipiales(Colombia) at 21:00 and the bus came at 10:30 and he left the station at 00:00, when i talked to the company they said you can contact Redbus and when i did they still didn’t answer me until now, the online service is ZERO.",22-10-2024,bus arrived too much late and left the station too much late without redbus inform me i was like homeless in the bus station looking for my bus my ticket was from cali to ipiales colombia at 21 00 and the bus came at 10 30 and he left the station at 00 00 when i talked to the company they said you can contact redbus and when i did they still didn t answer me until now the online service is zero,negative
1,"Dear RedBus Team,

I am writing to share my recent experience with your intercity bus service, which was unfortunately marked by significant issues in terms of communication, professionalism, and the quality of service provided. I hope this feedback is taken constructively as an opportunity to improve the customer experience for future passengers.

1. Lack of Communication and Misinformation: Upon booking my ticket via the RedBus app, I was neither informed about the bus number nor given any real-time updates. This omission created confusion as I waited at the specified pickup location, only to find that the bus arrived at a different location. As I was new to the city, this miscommunication added to the stress of navigating an unfamiliar area. The bus conductor, instead of assisting, addressed me rudely, insisting I come to the new location without providing proper guidance. When I called multiple times for assistance, I was met with dismissive and unhelpful responses.


2. Misrepresentation of Service Quality: The bus I booked was advertised as a premium intercity service, but the bus that arrived was far from what was promised. The vehicle was uncomfortable, lacked basic amenities, and did not meet the standards expected from a “premium” service. For instance, there were no reading lights, and the seats were uncomfortable—both issues contradicting the amenities listed.


3. Unprofessional Behavior and Disregard for Passenger Comfort: During our 9-hour journey, the driver made only one stop for a restroom break, and even then, it was handled poorly. I requested a restroom stop as my wife needed one, but the driver delayed the stop and then gave no indication that passengers could disembark. When he finally stopped, he rushed everyone back onboard after only a few minutes, creating an unpleasant and hurried atmosphere.


4. Lack of Basic Courtesy: Onboard, several individuals began smoking, creating discomfort for other passengers, especially women. This should have been addressed immediately by the bus staff, as it compromised the comfort and safety of all onboard.



In summary, my experience with RedBus and its third-party service was far from satisfactory. While I appreciate that we arrived at our destination on time, the journey was marred by a lack of communication, poor customer service, and a disregard for the advertised amenities. If RedBus intends to partner with third-party operators, I strongly urge you to ensure these partners uphold your brand’s standards.

I hope my feedback will lead to improvements, as RedBus has great potential to be a reliable service provider if these issues are addressed.

Best regards,
Akhand Pratap Singh
9410957724",10-11-2024,dear redbus team i am writing to share my recent experience with your intercity bus service which was unfortunately marked by significant issues in terms of communication professionalism and the quality of service provided i hope this feedback is taken constructively as an opportunity to improve the customer experience for future passengers 1 lack of communication and misinformation upon booking my ticket via the redbus app i was neither informed about the bus number nor given any real time updates this omission created confusion as i waited at the specified pickup location only to find that the bus arrived at a different location as i was new to the city this miscommunication added to the stress of navigating an unfamiliar area the bus conductor instead of assisting addressed me rudely insisting i come to the new location without providing proper guidance when i called multiple times for assistance i was met with dismissive and unhelpful responses 2 misrepresentation of service quality the bus i booked was advertised as a premium intercity service but the bus that arrived was far from what was promised the vehicle was uncomfortable lacked basic amenities and did not meet the standards expected from a premium service for instance there were no reading lights and the seats were uncomfortable both issues contradicting the amenities listed 3 unprofessional behavior and disregard for passenger comfort during our 9 hour journey the driver made only one stop for a restroom break and even then it was handled poorly i requested a restroom stop as my wife needed one but the driver delayed the stop and then gave no indication that passengers could disembark when he finally stopped he rushed everyone back onboard after only a few minutes creating an unpleasant and hurried atmosphere 4 lack of basic courtesy onboard several individuals began smoking creating discomfort for other passengers especially women this should have been addressed immediately by the bus staff as it compromised the comfort and safety of all onboard in summary my experience with redbus and its third party service was far from satisfactory while i appreciate that we arrived at our destination on time the journey was marred by a lack of communication poor customer service and a disregard for the advertised amenities if redbus intends to partner with third party operators i strongly urge you to ensure these partners uphold your brand s standards i hope my feedback will lead to improvements as redbus has great potential to be a reliable service provider if these issues are addressed best regards akhand pratap singh,negative
1,Worst customer care and travel experience ever. Not recommended even for single star.,19-07-2024,worst customer care and travel experience ever not recommended even for single star,negative
1,Scammers. The application might be nice. But the people hired are terrible.,26-04-2024,scammers the application might be nice but the people hired are terrible,negative
1,"Worst travel service they have included very bad quality of bus service and also redBus itself the application and customer support service is also worst, they are just making the money without providing any service to their customers also very bad manage customer care and bad quality in response with travelers bus facilities staff, even though we had complaints they did not take any action also even you canceled the ticket they will not give you refund of ticket amount. Don’t go with redBus very very bad experiences",04-04-2024,worst travel service they have included very bad quality of bus service and also redbus itself the application and customer support service is also worst they are just making the money without providing any service to their customers also very bad manage customer care and bad quality in response with travelers bus facilities staff even though we had complaints they did not take any action also even you canceled the ticket they will not give you refund of don t go with redbus very very bad experiences,negative
1,"I booked 2000 rs ticket from redbus and bus is mr travel and the Charing slot is not working
Bus no NL01B1460",15-06-2024,i booked 2000 rs ticket from redbus and bus is mr travel and the charing slot is not working bus no nl01b1460,negative
5,Very good experience,16-12-2024,very good experience,positive
1,"Had a worst Experience travelling from Chennai to Coonoor as the bus TN05CC1955 was old with no good maintenance it seemed. Self starter did not work so passengers had to push the bus to start, front windshield was with cracks. This bus ticket that was costly not a value for money or the Bus was Not worthy for money. The MD of the bus said, ""sorry"" on my call on 6th December 2023, which would not pain him much as already he got the money and no loss to him because of the poor conditioned bus. Passengers are taken for granted to earn their profits. The money what he earned from the bus was at the cost of passengers. If he is reasonable, some compensation should be given to those who lost their time and missed their appointments like me which costed a lot to them.

The Bus got 1st breakdown around 2 am and ran without AC suffecating until Ulunthurpet, it was said that dynona did not work and waited for about three hours outside bus at night. After 2 hours we were told that a spare bus has been arranged (not true it seemed but to make to make the passengers calmer. The MD said, it was a mistake or wrong information by YBM's customers support center) so the driver asked the passengers to get down.  After getting down no spare bus came so our bus TN05CC1955 was repaired and we traveled by the same poorly maintained bus. After 2 hours of running the bus from Ulunthurpet after replacing the dynamo, the bus was stopped because one of the back tires bursted - 2nd breakdown. The tire was a retread tire. When I spoke to the MD of YBM he mentioned that the tire was due for change  and he was responsible for not changing when reported but he blamed the driver saying that he did not drive carefully. Thus again we were delayed because of replacement of tire. So in total the bus was late by around 4 plus hours to reach Coonoor. I  was told by another passenger that the bus was used by her family  recently and it broke down so the passengers were sent by other bus. Thus YBM uses a bus which is not in good condition though it has run on hills which is a high risk to the passengers. High cost ticket, No proper communication to the customers and poor maintenance and rude response by one of the drivers are some of the problems faced in the bus TN05CC1955 on 4 Dec 2023. Important meeting has been missed. No compensation financially.

Traveled from Chennai to Coonoor on 4th December 2023 in bus TN05CC1955 -YBM Travels ticket cost was Rs.1890. This was not a normal price too.",07-12-2023,had a worst experience travelling from chennai to coonoor as the bus tn05cc1955 was old with no good maintenance it seemed self starter did not work so passengers had to push the bus to start front windshield was with cracks this bus ticket that was costly not a value for money or the bus was not worthy for money the md of the bus said sorry on my call on 6th december 2023 which would not pain him much as already he got the money and no loss to him because of the poor conditioned bus passengers are taken for granted to earn their profits the money what he earned from the bus was at the cost of passengers if he is reasonable some compensation should be given to those who lost their time and missed their appointments like me which costed a lot to them the bus got 1st breakdown around 2 am and ran without ac suffecating until ulunthurpet it was said that dynona did not work and waited for about three hours outside bus at night after 2 hours we were told that a spare bus has been arranged not true it seemed but to make to make the passengers calmer the md said it was a mistake or wrong information by ybm s customers support center so the driver asked the passengers to get down after getting down no spare bus came so our bus tn05cc1955 was repaired and we traveled by the same poorly maintained bus after 2 hours of running the bus from ulunthurpet after replacing the dynamo the bus was stopped because one of the back tires bursted 2nd breakdown the tire was a retread tire when i spoke to the md of ybm he mentioned that the tire was due for change and he was responsible for not changing when reported but he blamed the driver saying that he did not drive carefully thus again we were delayed because of replacement of tire so in total the bus was late by around 4 plus hours to reach coonoor i was told by another passenger that the bus was used by her family recently and it broke down so the passengers were sent by other bus thus ybm uses a bus which is not in good condition though it has run on hills which is a high risk to the passengers high cost ticket no proper communication to the customers and poor maintenance and rude response by one of the drivers are some of the problems faced in the bus tn05cc1955 on 4 dec 2023 important meeting has been missed no compensation financially traveled from chennai to coonoor on 4th december 2023 in bus tn05cc1955 ybm travels ticket cost was rs 1890 this was not a normal price too,negative
5,"I travelled in Punchiri travels from banglore to Trivandrum.. Good staff, good bus 👍",02-06-2024,i travelled in punchiri travels from banglore to trivandrum good staff good bus,positive
5,Great service and efficient communication beginning to end. Bus tracking features is really good.,10-03-2024,great service and efficient communication beginning to end bus tracking features is really good,positive
1,Red bus is cheating all of us in cancellation policy,14-04-2024,red bus is cheating all of us in cancellation policy,negative
1,"Really very disappointed with Redbus, yesterday i travelled from Hyderabad to pune Orange Travels Bus - 2 drivers and staff all drunk & rude behaviour with passengers- no safety to passwngers… i decided no redbus and no travel on road - Redbus focuusing on business but no passengers safety 🤦‍♂️🤦‍♂️🤦‍♂️🤦‍♂️🤦‍♂️👎👎👎",30-04-2024,really very disappointed with redbus yesterday i travelled from hyderabad to pune orange travels bus 2 drivers and staff all drunk rude behaviour with passengers no safety to passwngers i decided no redbus and no travel on road redbus focuusing on business but no passengers safety,negative
5,provide the good transport services,28-05-2024,provide the good transport services,positive
1,"Redbus brokers are thieves.
Bus drivers are rowdies kindly don’t book through redbus.",06-05-2024,redbus brokers are thieves bus drivers are rowdies kindly don t book through redbus,negative
1,"THEY MADE ME WAIT 3+ HOURS. AND THEN THE BUS WENT WITHOUT PICKING ME!!

Here are my 2 experiences with City Land Travels, booked on redbus.

1. Kullu to Chandigarh
I changed my boarding point to Bhuntar, without a hitch - the staff was polite. But the bus was 1.5 hours late. The shopkeepers at the boarding point said that the most likely reason was that they merged the passengers of 2 buses into one, due to low occupancy. And the bus when it finally came was not even half full.

2. Chandigarh to Kullu (return)
My boarding point was ISBT-43, but since i was staying close to Zirakpur, i called the driver and asked if i could board from Zirakpur Metro instead. He said ok, and that he'd be there between 12 - 1 am, even though the bus was actually supposed to reach ISBT before 12 (2 hours late already). I waited till past 3am, calling the driver at least 4-5 times just to make sure he stopped. But when the bus finally arrived, they picked up another passenger, and as i rushed to the bus, it started to move. The helper and driver both saw me, but they didn't stop, with the former shouting something at me as they went. Then i called red bus customer care, who put me on conference with the driver, who initially said he was just a few minutes away, and then changed it to 'outside Chandigarh'. Later, like after 30 odd minutes, redbus customer care called up saying that the bus was waiting for me at ISBT which is like an hour away, which itself was a joke. Even funnier was the attempt by City Land to blame the entire episode on me, saying that i should have informed the bus operator and not the driver for change in boarding point. This was not mentioned by redbus, nor by the driver in any of our 4-5 conversations. If the driver really intended to let me board the bus, he would have stopped as soon as redbus customer care called him up.

In my opinion, they picked up another passenger instead of me on purpose. Maybe they again got passengers of 2 buses onto 1. Or the other owner offered more money to the operators/driver.

Now about the role redbus played in this fiasco:
1. The live tracking was not zooming out, so it was impossible to figure out where the bus actually was. Had i known the exact location, i could have stood in front of the bus to ensure it did not leave without me.
2. There are multiple boarding and dropping points which sound really similar, but are mentioned as different. As a result, i had to take a punt on which was the right one among the many similar options, and settled for a low rated operator. Also, each time i applied a dropping point filter, the buses shown would be different (for the same place!)
3. Customer care is eventually at the mercy of the bus operators/drivers. They don't really have any authority, nor can they demand an action, or ensure any consequences.

Finally, customer care offered a full report of what happened, and a refund too. None have happened.

Redbus is like those unicorns who have a monopoly now, so don't really care about customers!! (I was also constantly getting SMSes from them about ticket details - like the same message repeated 5 times in an hour!!)

Never using this service again!!",20-03-2024,they made me wait 3 hours and then the bus went without picking me here are my 2 experiences with city land travels booked on redbus 1 kullu to chandigarh i changed my boarding point to bhuntar without a hitch the staff was polite but the bus was 1 5 hours late the shopkeepers at the boarding point said that the most likely reason was that they merged the passengers of 2 buses into one due to low occupancy and the bus when it finally came was not even half full 2 chandigarh to kullu return my boarding point was isbt 43 but since i was staying close to zirakpur i called the driver and asked if i could board from zirakpur metro instead he said ok and that he d be there between 12 1 am even though the bus was actually supposed to reach isbt before 12 2 hours late already i waited till past 3am calling the driver at least 4 5 times just to make sure he stopped but when the bus finally arrived they picked up another passenger and as i rushed to the bus it started to move the helper and driver both saw me but they didn t stop with the former shouting something at me as they went then i called red bus customer care who put me on conference with the driver who initially said he was just a few minutes away and then changed it to outside chandigarh later like after 30 odd minutes redbus customer care called up saying that the bus was waiting for me at isbt which is like an hour away which itself was a joke even funnier was the attempt by city land to blame the entire episode on me saying that i should have informed the bus operator and not the driver for change in boarding point this was not mentioned by redbus nor by the driver in any of our 4 5 conversations if the driver really intended to let me board the bus he would have stopped as soon as redbus customer care called him up in my opinion they picked up another passenger instead of me on purpose maybe they again got passengers of 2 buses onto 1 or the other owner offered more money to the operators driver now about the role redbus played in this fiasco 1 the live tracking was not zooming out so it was impossible to figure out where the bus actually was had i known the exact location i could have stood in front of the bus to ensure it did not leave without me 2 there are multiple boarding and dropping points which sound really similar but are mentioned as different as a result i had to take a punt on which was the right one among the many similar options and settled for a low rated operator also each time i applied a dropping point filter the buses shown would be different for the same place 3 customer care is eventually at the mercy of the bus operators drivers they don t really have any authority nor can they demand an action or ensure any consequences finally customer care offered a full report of what happened and a refund too none have happened redbus is like those unicorns who have a monopoly now so don t really care about customers i was also constantly getting smses from them about like the same message repeated 5 times in an hour never using this service again,negative
5,"Babu travel , very good experience.",15-06-2024,babu travel very good experience,positive
5,It was very good 😊,12-12-2024,it was very good,positive
1,"I booked 3 tickets from red bus site for 24june2024
There was no bus on that place and date/time
It seems the red bus is fraud company",26-06-2024,i booked 3 tickets from red bus site for 24june2024 there was no bus on that place and date time it seems the red bus is fraud company,negative
5,Happy with having good customer services.,29-03-2024,happy with having good customer services,positive
1,"Waste of money
Very bad experience",27-06-2024,waste of money very bad experience,negative
1,"Worst service!
They took my money and did not reschedule it",20-05-2024,worst service they took my money and did not reschedule it,negative
5,Nice one driving ant right time reched plas,04-05-2024,nice one driving ant right time reched plas,positive
1,Fuddu dokhebaj company never recommended to book tickets through this cheap fraudulent company,06-04-2024,fuddu dokhebaj company never recommended to book tickets through this cheap fraudulent company,negative
5,"Very good and clean bus
Prober ac cooling",09-09-2024,very good and clean bus prober ac cooling,positive
1,"Unfortunately, what was supposed to be a straightforward journey turned into a series of disappointments and inconveniences. First and foremost, the cancellation of the bus at the last minute was highly inconvenient and disruptive to my travel plans. Having to scramble to find an alternative bus and then having to contact your customer support while I was on holiday with my family for assistance only added to the frustration. It took multiple attempts, with the first agents abruptly disconnecting the call, before finally speaking to someone who could assist me. Furthermore, the alternative bus provided was not up to par with my expectations. Despite specifically opting for seats in the third row to ensure comfort and stability, I was allocated seats in the last row, which made the journey incredibly uncomfortable, especially considering the condition of the roads. The lack of proper amenities, such as clean bedding and functional curtains, only added to the discomfort. Moreover, the absence of lighting facilities in our berth meant that I had to endure the journey in darkness, making it difficult to even have dinner or snacks comfortably. The overall cleanliness of the bus was also substandard, giving the impression of traveling in a third-grade vehicle rather than a reputable bus service. To make matters worse, the journey itself was marred by the driver's reluctance to make necessary stops, forcing me to intervene and request breaks for basic needs like stretching and using restroom facilities. In summary, my experience with your bus service was nothing short of pathetic. The combination of last-minute cancellations, poor customer service, uncomfortable seating arrangements, lack of amenities, and inadequate stops made for an incredibly unpleasant journey. As a paying customer, I expected a much higher level of service and comfort, and I am deeply disappointed by the overall experience. I urge you to take immediate action to address these issues and improve the quality of your services to prevent other passengers from having similar experiences in the future as well as compensate me for this experience.",06-05-2024,unfortunately what was supposed to be a straightforward journey turned into a series of disappointments and inconveniences first and foremost the cancellation of the bus at the last minute was highly inconvenient and disruptive to my travel plans having to scramble to find an alternative bus and then having to contact your customer support while i was on holiday with my family for assistance only added to the frustration it took multiple attempts with the first agents abruptly disconnecting the call before finally speaking to someone who could assist me furthermore the alternative bus provided was not up to par with my expectations despite specifically opting for seats in the third row to ensure comfort and stability i was allocated seats in the last row which made the journey incredibly uncomfortable especially considering the condition of the roads the lack of proper amenities such as clean bedding and functional curtains only added to the discomfort moreover the absence of lighting facilities in our berth meant that i had to endure the journey in darkness making it difficult to even have dinner or snacks comfortably the overall cleanliness of the bus was also substandard giving the impression of traveling in a third grade vehicle rather than a reputable bus service to make matters worse the journey itself was marred by the driver s reluctance to make necessary stops forcing me to intervene and request breaks for basic needs like stretching and using restroom facilities in summary my experience with your bus service was nothing short of pathetic the combination of last minute cancellations poor customer service uncomfortable seating arrangements lack of amenities and inadequate stops made for an incredibly unpleasant journey as a paying customer i expected a much higher level of service and comfort and i am deeply disappointed by the overall experience i urge you to take immediate action to address these issues and improve the quality of your services to prevent other passengers from having similar experiences in the future as well as compensate me for this experience,negative
1,very bad service don't book any tickets,25-04-2024,very bad service don t book any tickets,negative
5,Good service,04-01-2024,good service,positive
2,we are happy this bus travel and good service,14-11-2023,we are happy this bus travel and good service,negative
1,Worst timeing 1 and hulf hours late,06-08-2024,worst timeing 1 and hulf hours late,negative
5,Everything was ok,14-10-2024,everything was ok,positive
1,"Pathetic service .
Poor Management",24-08-2024,pathetic service poor management,negative
1,RedBus customer care number,22-08-2024,redbus customer care number,negative
1,Very bad experience,19-08-2024,very bad experience,negative
1,"Very bad experience Red bus is charged for sleeper but seat was available
Shrikant chandrakar
Royal bus
27/10/2023
Kanker to bilaspur
6.00pm",27-10-2023,very bad experience red bus is charged for sleeper but seat was available shrikant chandrakar royal bus 27 10 2023 kanker to bilaspur 6 00pm,negative
1,Do not use. We cancelled but got no refund and despite ringing several times couldn't get a response.,26-10-2023,do not use we cancelled but got no refund and despite ringing several times couldn t get a response,negative
1,"Booking ID SBZ23077215
I am writing to express my disappointment with the recent transaction I had with your website.
Unfortunately, I was not refunded for my cancelled ticket and I received problem has been solved

I tried many times in your chat service
your chat service is kind of joke, there is no proper options to select what customers need
which has left me feeling frustrated and dissatisfied.

I understand that mistakes can happen, but I would appreciate it if you could rectify this situation as soon as possible. In the future, I would suggest that you implement a more efficient refund process to avoid similar issues.

Thank you for your attention to this matter.

Sithiq Ali P",16-10-2023,booking id sbz23077215 i am writing to express my disappointment with the recent transaction i had with your website unfortunately i was not refunded for my cancelled ticket and i received problem has been solved i tried many times in your chat service your chat service is kind of joke there is no proper options to select what customers need which has left me feeling frustrated and dissatisfied i understand that mistakes can happen but i would appreciate it if you could rectify this situation as soon as possible in the future i would suggest that you implement a more efficient refund process to avoid similar issues thank you for your attention to this matter sithiq ali p,negative
1,Booked a bus with PATROMAN TRANS through Redbus. Bus never arrived and Redbus have not responded to any of my email requests for a refund. Pathetic service.,18-09-2023,booked a bus with patroman trans through redbus bus never arrived and redbus have not responded to any of my email requests for a refund pathetic service,negative
1,"I experienced very bad service of the their travelers,I suggest don't take tranzindia travels ,they not even clean the bus ,Im the person who struggled with bugs entire night that not 1or 2 bugs ,my seat full of bugs we asked to do some thing do the spray anything but they refused, we asked to refund but they strictly told we don't do the refund, entire night I was struggled,still my rushes not gone",04-09-2023,i experienced very bad service of the their travelers i suggest don t take tranzindia travels they not even clean the bus im the person who struggled with bugs entire night that not 1or 2 bugs my seat full of bugs we asked to do some thing do the spray anything but they refused we asked to refund but they strictly told we don t do the refund entire night i was struggled still my rushes not gone,negative
1,Red bus is does not take any ownership of the fraudulent activities conducted by the Bus Operators and they always are in favor of them instead of being neutral grounds with customer and Bus operator,22-08-2023,red bus is does not take any ownership of the fraudulent activities conducted by the bus operators and they always are in favor of them instead of being neutral grounds with customer and bus operator,negative
1,"RedBus is the ""online bus 🚍 booking service provider"" hlps wth a bus booking. Bt let me tell u 📢, thy wn't lift a finger to mke sure tht bus provider provides the services or jst cancel it any tym to take a nap. It's lik thy'r plyng match maker 🤝 nd thn jst leaving u to fend for urself.

U'd thnk thy'd care if the bus actually arrives @the boarding point, right? Wrong. They couldn't care less. And if the 🚍 gets canceled? Well, brace yourself, because you won't hear a 🔔 from **redBus**. It's like they vanish into thin air along with the businesses 😄😄.

The sad truth is, all **redBus** cares about is counting the number of tickets they've sold 💰. Your comfort, convenience, and overall experience? Yeah, those are just afterthoughts 😌😌.

And the issue I experienced is not about some technical issue, it happens sometimes we understand. But It's a matter of them turning a blind eye to your frustration and acting like it's just another day at the office.

They don't even understand the impact of their ignorance towards inconvenience faced by a left stranded passenger. It's a wake-up call to their complete disregard for the people who make their business possible – us, the customers.

So, to sum it up, if you're looking for a service that actually cares about whether you reach your destination or not, **redBus** ain't it. They're all about the numbers, not about your journey. Keep your eyes peeled for a better option – you deserve more than this.",19-08-2023,redbus is the online bus booking service provider hlps wth a bus booking bt let me tell u thy wn t lift a finger to mke sure tht bus provider provides the services or jst cancel it any tym to take a nap it s lik thy r plyng match maker nd thn jst leaving u to fend for urself u d thnk thy d care if the bus actually arrives the boarding point right wrong they couldn t care less and if the gets canceled well brace yourself because you won t hear a from redbus it s like they vanish into thin air along with the businesses the sad truth is all redbus cares about is counting the number of tickets they ve sold your comfort convenience and overall experience yeah those are just afterthoughts and the issue i experienced is not about some technical issue it happens sometimes we understand but it s a matter of them turning a blind eye to your frustration and acting like it s just another day at the office they don t even understand the impact of their ignorance towards inconvenience faced by a left stranded passenger it s a wake up call to their complete disregard for the people who make their business possible us the customers so to sum it up if you re looking for a service that actually cares about whether you reach your destination or not redbus ain t it they re all about the numbers not about your journey keep your eyes peeled for a better option you deserve more than this,negative
1,"Pathetic experience with red bus service. I was trying to cancel bus ticket of 22nd June from Pondicherry to bangalore but due to technical error at red bus application and web unable to cancle the ticket. I contacted Red bus customer care and they were also unable to cancle ticket from thier end. Customer care executive ensured about this as issue and confirmed ticket cancellation from their end and confirmed refund of amount with-in 5 to 7 days. But now its more than a month, did not get my refund amount. I have called Red bus number of time each time they say, our team is working on issue and you will get refund in 24 to 48 hours. But their 24 to 48 hours did not over even in month time.",24-07-2023,pathetic experience with red bus service i was trying to cancel bus ticket of 22nd june from pondicherry to bangalore but due to technical error at red bus application and web unable to cancle the ticket i contacted red bus customer care and they were also unable to cancle ticket from thier end customer care executive ensured about this as issue and confirmed from their end and confirmed refund of amount with in 5 to 7 days but now its more than a month did not get my refund amount i have called red bus number of time each time they say our team is working on issue and you will get refund in 24 to 48 hours but their 24 to 48 hours did not over even in month time,negative
1,We booked a bus two months in advance. Paid 25% booking fees. The bus did not arrive until we called the driver. The bus was supposed to arrive at 8 am and only arrived at 9 am after repeated calls and follow up from us. The driver was not at all cooperative. In fact the driver said he will not come for pick up when we told him that he was irresponsible and should have arrived on time. Bus was not in good condition despite that it was issued for our trip. Bus driver stopped AC stating that engine is not taking load. Then the broke down on way and the driver left us on way with our bags. We had to attend a wedding function and none of us could reach on time. Very unreliable and unprofessional service. We have asked for refund. If we do not receive it we will seek legal support.,23-05-2023,we booked a bus two months in advance paid 25 booking fees the bus did not arrive until we called the driver the bus was supposed to arrive at 8 am and only arrived at 9 am after repeated calls and follow up from us the driver was not at all cooperative in fact the driver said he will not come for pick up when we told him that he was irresponsible and should have arrived on time bus was not in good condition despite that it was issued for our trip bus driver stopped ac stating that engine is not taking load then the broke down on way and the driver left us on way with our bags we had to attend a wedding function and none of us could reach on time very unreliable and unprofessional service we have asked for refund if we do not receive it we will seek legal support,negative
1,"Very bad no refund money I booked on 24/04/2023 from red bus. I booked tickets from Goa to Bengaluru. But bus driver has not waited for me, and he received my call and told me sir thank you so much for not receive the bus. When I called customer care, they asked me not to cancel ticket and they will initiate from their end. But many days over , no action has been taken. Answer from their end is, ""we can understand your situation, sorry for the inconvenience caused"". Nothing much. Very worst app. Not recommended.",24-04-2023,very bad no refund money i booked on 24 04 2023 from red bus i booked tickets from goa to bengaluru but bus driver has not waited for me and he received my call and told me sir thank you so much for not receive the bus when i called customer care they asked me not to cancel ticket and they will initiate from their end but many days over no action has been taken answer from their end is we can understand your situation sorry for the inconvenience caused nothing much very worst app not recommended,negative
1,"no or little custmer support. Clumsy website.if i select a particular day for booking, if bus is not there, the site shows next day trips. In general if you are not very very careful, you will book wrong journey.",28-11-2022,no or little custmer support clumsy website if i select a particular day for booking if bus is not there the site shows next day trips in general if you are not very very careful you will book wrong journey,negative
1,"I would have given zero star if there be any possibility.
Worst experience and pathetic customer service. I booked 2 tickets from Delhi to Kanpur and I selected the boarding point from Kashmiri gate, I received a phone call from bus provider (intercity) he said that you need to come to anand vihar in order to board the bus, I denied him, I said why would I come to anand vihar when I have select Kashmiri gate as my boarding point, he said that there is no other option and if you want to pick up the bus that's the only option you need to follow, I didn't picked up the bus because of his arrogant tone and tried calling the bus operator customer service where I've been told that I am gonna get refund for the inconvenience, from that time I am trying calling both , the bus provider and the red bus but there is no resolution.
If I will not getting my refund back be ready for some legal action.
9599025023",01-04-2021,i would have given zero star if there be any possibility worst experience and pathetic customer service i booked 2 tickets from delhi to kanpur and i selected the boarding point from kashmiri gate i received a phone call from bus provider intercity he said that you need to come to anand vihar in order to board the bus i denied him i said why would i come to anand vihar when i have select kashmiri gate as my boarding point he said that there is no other option and if you want to pick up the bus that s the only option you need to follow i didn t picked up the bus because of his arrogant tone and tried calling the bus operator customer service where i ve been told that i am gonna get refund for the inconvenience from that time i am trying calling both the bus provider and the red bus but there is no resolution if i will not getting my refund back be ready for some legal action,negative
1,"I have booked through redbus but on reaching bus stand the operator on bus stand said that your redbus is cancelled. so i took ticket from bus stand and completed my journey.
when i call redbus for my amount reversal, they said that the bus was not cancelled.
they never provide any enquiry numbers.
their coordination from the bus stand is zero.

I personally suggest Please don't book through redbus.",07-07-2020,i have booked through redbus but on reaching bus stand the operator on bus stand said that your redbus is cancelled so i took ticket from bus stand and completed my journey when i call redbus for my amount reversal they said that the bus was not cancelled they never provide any enquiry numbers their coordination from the bus stand is zero i personally suggest please don t book through redbus,negative
1,"I booked 8 tickets from Digha to Kolkata (Snemita Paribahan) on 8th December 2019 Booking id: TNCX672333150 and TNCX111277793.
On the day of the journey I was told that I will receive a call from the bus operator with the details of the bus and other boarding related information. I never received any calls from the bus operator or Red bus..I kept on trying the numbers mentioned on the ticket but no one responded. This entire mess went for more than an hour resulting in missing the bus. I also tried to cancel / reschedule the ticket using their app but it did not happen either. Later I had to book another set of 8 tickets in another bus departing at night.

I raised few complaint tickets with Red Bus customer service (Req id 12001318, 12001331,12041639. but no resolution was given by Red Bus customer care. I received couple of calls from Red bus and after I described the incident to them the representatives told me that they will speak with the concerned operator and call back with the resolution. Its been 3 days I am still waiting for a call back from Red Bus.

As per their app they guarantee a 12 hour resolution to your complains or else they claim that they will compensate you with Rs 25 per hour post the 12 hour window. This is a totally fake promise which is now clearly evident. I have already lost Rs 3000 approx for the tickets for which I was unable to travel.",12-12-2019,i booked 8 tickets from digha to kolkata snemita paribahan on 8th december 2019 booking id tncx672333150 and tncx111277793 on the day of the journey i was told that i will receive a call from the bus operator with the details of the bus and other boarding related information i never received any calls from the bus operator or red bus i kept on trying the numbers mentioned on the ticket but no one responded this entire mess went for more than an hour resulting in missing the bus i also tried to cancel reschedule the their app but it did not happen either later i had to book another set of 8 tickets in another bus departing at night i raised few complaint tickets with red bus customer service req id 12001318 12001331 12041639 but no resolution was given by red bus customer care i received couple of calls from red bus and after i described the incident to them the representatives told me that they will speak with the concerned operator and call back with the resolution its been 3 days i am still waiting for a call back from red bus as per their app they guarantee a 12 hour resolution to your complains or else they claim that they will compensate you with rs 25 per hour post the 12 hour window this is a totally fake promise which is now clearly evident i have already lost rs 3000 approx for the tickets for which i was unable to travel,negative
5,Redbus service and customer support are really awesome. I find quite comfortable to book Bus tickets using redbus and most of the time there will be an offer going. Till now I didn not face any issue with redbus.,03-09-2019,redbus service and customer support are really awesome i find quite comfortable to book bus tickets using redbus and most of the time there will be an offer going till now i didn not face any issue with redbus,positive
1,"I had worst experience with Redbus application today.
I booked one bus ticket with reservation from Pune to nasik on 25/06/2019 at 9.51 am.

Bus didn't come at the location even.
Every time I asked every bus that is this yours bus reservation but every bus driver was not ready to pick me.

And I had to pay again by own and travel to nasik. They have not given any option to refund or cancel ticket at that time.

In Redbus application they have not mentioned the bus number and bus driver contact details.

Because of this trouble I faced, I had to cancel my return bus ticket as well.11:57 AM.

I went to Redbus people,and they don't care of their customers, I found. They asked me to go at their main office which is 25 km away from my location. Why should I travel 50 KMS to get 250 rs refund..? If I paid the amount through net banking.


Fruitstated customer,
Trupti Pawar
9970676552",08-07-2019,i had worst experience with redbus application today i booked one bus ticket with reservation from pune to nasik on 25 06 2019 at 9 51 am bus didn t come at the location even every time i asked every bus that is this yours bus reservation but every bus driver was not ready to pick me and i had to pay again by own and travel to nasik they have not given any option to refund or cancel ticket at that time in redbus application they have not mentioned the bus number and bus driver contact details because of this trouble i faced i had to cancel my return bus ticket as well 11 57 am i went to redbus people and they don t care of their customers i found they asked me to go at their main office which is 25 km away from my location why should i travel 50 kms to get 250 rs refund if i paid the amount through net banking fruitstated customer trupti pawar,negative
1,"We bought the ticket on the site redbus.in from Agra to Delhi.
We were an hour before the bus departure to Amar Indigo Travels. At 14:00, the departure time, the bus doesn't arrive and the guy at the reception announces that the bus will be 1 hour late. After an hour of waiting, we still don't see the bus. We are still waiting 1 hour. and here the guy tells us that the bus is full and it will not come.
So the bus has never come and the guy refuses to pay us back. He tells us that we have to ask for a refund from the Redbus.
The problem we couldn't ask refund on the site since before already exceeded the hour of departure of bus.
In short, we lost the day because the bus didn’t come and we lost the money",15-05-2019,we bought the ticket on the site redbus in from agra to delhi we were an hour before the bus departure to amar indigo travels at 14 00 the departure time the bus doesn t arrive and the guy at the reception announces that the bus will be 1 hour late after an hour of waiting we still don t see the bus we are still waiting 1 hour and here the guy tells us that the bus is full and it will not come so the bus has never come and the guy refuses to pay us back he tells us that we have to ask for a refund from the redbus the problem we couldn t ask refund on the site since before already exceeded the hour of departure of bus in short we lost the day because the bus didn t come and we lost the money,negative
1,"I have booked a ticket from Udaipur to Jodhpur (Thursday, 27 Dec 2018). My ticket number is TMCX94278169, and this is the first booking I've made which is on 4 December 2018. But the system has cancelled my booking 6 hours after that and I have received an email regarding the cancellation. First of all, I did not CANCEL any of my bookings. And Redbus only refunded 80% from the total amount!!!
And today I made another booking (TMDC49128601) and they CANCELLED IT AGAIN even after I communicated with their customer service to not cancel my booking. And they only refunded 80% from the total amount. This is totally unacceptable and I can say this is how they cheat their customers. They are so irresponsible and totally a fraud.",17-12-2018,i have booked a ticket from udaipur to jodhpur thursday 27 dec 2018 my is tmcx94278169 and this is the first booking i ve made which is on 4 december 2018 but the system has cancelled my booking 6 hours after that and i have received an email regarding the cancellation first of all i did not cancel any of my bookings and redbus only refunded 80 from the total amount and today i made another booking tmdc49128601 and they cancelled it again even after i communicated with their customer service to not cancel my booking and they only refunded 80 from the total amount this is totally unacceptable and i can say this is how they cheat their customers they are so irresponsible and totally a fraud,negative
1,"I have booked a ticket from Singapore to Hat Yai with RedBus. The money the were deducted from my card, but I received an email that the bus was cancelled by the operator and that I would get my money back if I provided my details for a refund. I did just that, sent several emails to RedBus and called them two times, but all in vain! It’s been 10 months ago and I haven’t received my refund.

RedBus, if you consider yourself a legit company and not a bunch of thieves, refund me my money and don’t give me your standard reply. Ticket MY17CF3636906 and support ticket 103885929.

********
Redbus, please reply on my email. I have asked your support team to send me a confirmation of the refund transfer from your bank.",08-10-2018,i have booked a ticket from singapore to hat yai with redbus the money the were deducted from my card but i received an email that the bus was cancelled by the operator and that i would get my money back if i provided my details for a refund i did just that sent several emails to redbus and called them two times but all in vain it s been 10 months ago and i haven t received my refund redbus if you consider yourself a legit company and not a bunch of thieves refund me my money and don t give me your standard reply and support redbus please reply on my email i have asked your support team to send me a confirmation of the refund transfer from your bank,negative
1,I booked a ticket on Redbus with Sea Bird Travels. Worst bus I have come across. Full of bed bugs. Please don't trust these private vendors.,25-08-2018,i booked a ticket on redbus with sea bird travels worst bus i have come across full of bed bugs please don t trust these private vendors,negative
1,"Very bad no refund money I booked on 01/08/2018 in the name of Sheela Praveen and ps shaiju, pnr number k5940427 and k5940589 from red bus. I booked tickets from Mysore to Kottayam and vice versa. But bus was got cancelled due to Kerala flood. When I called customer care, they asked me not to cancel ticket and they will initiate from their end. But many days over , no action has been taken. Answer from their end is, ""we can understand your situation, sorry for the inconvenience caused"". Nothing much. Very worst app. Not recommended.",16-08-2018,very bad no refund money i booked on 01 08 2018 in the name of sheela praveen and ps shaiju k5940427 and k5940589 from red bus i booked tickets from mysore to kottayam and vice versa but bus was got cancelled due to kerala flood when i called customer care they asked me not to cancel ticket and they will initiate from their end but many days over no action has been taken answer from their end is we can understand your situation sorry for the inconvenience caused nothing much very worst app not recommended,negative
1,"I have booked Bus ticket, TM6911594239 on 12th May 2018 using RedBus for myself and my family(3+1) from Thiruvananthapuram to Bangalore . The bus operator was Kallada and travel date was 13th May 2018. The bus was breakdown in nagarcoil after 2 hours of journey. Then the operator denied to continue the trip. After serveral hours of argument and requests they have arraged a very poor vehicle (Tempo traveller) at 4am. that was not at all comfortable for long journey. After the hectic travel they have dropped us in Hosur on Monday (14-May-2018) 4 PM without any alternative to my actual destination Bangalore. Then I have reached my destination by Taxi.I lost my money, peace of mind and forcefully taken a leave from office.

I have intimated the same to RedBus and they created an incident for the same and they promised me that they will refund my money back.But I have not yet got resolution from RedBus. I felt so cheated by RdBus and their Bus Operators.I faced so much trouble , Paid for some service that was never given to me.

I request you to take action against RedBus and provide me support to get fair compensation for this.

I have spend Rs 8094.00 for ticket and spend more than 2000 rupees for taxi .I have lost one leave from office . Do you think Rs1600 is fair compensation for this incident?",08-06-2018,i have booked bus ticket tm6911594239 on 12th may 2018 using redbus for myself and my family 3 1 from thiruvananthapuram to bangalore the bus operator was kallada and travel date was 13th may 2018 the bus was breakdown in nagarcoil after 2 hours of journey then the operator denied to continue the trip after serveral hours of argument and requests they have arraged a very poor vehicle tempo traveller at 4am that was not at all comfortable for long journey after the hectic travel they have dropped us in hosur on monday 14 may 2018 4 pm without any alternative to my actual destination bangalore then i have reached my destination by taxi i lost my money peace of mind and forcefully taken a leave from office i have intimated the same to redbus and they created an incident for the same and they promised me that they will refund my money back but i have not yet got resolution from redbus i felt so cheated by rdbus and their bus operators i faced so much trouble paid for some service that was never given to me i request you to take action against redbus and provide me support to get fair compensation for this i have spend rs 8094 00 for ticket and spend more than 2000 rupees for taxi i have lost one leave from office do you think rs1600 is fair compensation for this incident,negative
1,"My bus was cancelled on day of journey, they put me in situation where I had book new ticket with double rate.
And its been more than 20 days, still I have not received my refund.

Whenever I call them, they say, ""will confirm in 24hrs"" else they hung phone on face.",21-01-2017,my bus was cancelled on day of journey they put me in situation where i had book new ticket with double rate and its been more than 20 days still i have not received my refund whenever i call them they say will confirm in 24hrs else they hung phone on face,negative
